sno,Name,symbol,date,value
1,BITCOIN,BTC,17/08/2017,4285.08
2,BITCOIN,BTC,18/08/2017,4108.37
3,BITCOIN,BTC,19/08/2017,4139.98
4,BITCOIN,BTC,20/08/2017,4086.29
5,BITCOIN,BTC,21/08/2017,4016
6,BITCOIN,BTC,22/08/2017,4040
7,BITCOIN,BTC,23/08/2017,4114.01
8,BITCOIN,BTC,24/08/2017,4316.01
9,BITCOIN,BTC,25/08/2017,4280.68
10,BITCOIN,BTC,26/08/2017,4337.44
11,BITCOIN,BTC,27/08/2017,4310.01
12,BITCOIN,BTC,28/08/2017,4386.69
13,BITCOIN,BTC,29/08/2017,4587.48
14,BITCOIN,BTC,30/08/2017,4555.14
15,BITCOIN,BTC,31/08/2017,4724.89
16,BITCOIN,BTC,01/09/2017,4834.91
17,BITCOIN,BTC,02/09/2017,4472.14
18,BITCOIN,BTC,03/09/2017,4509.08
19,BITCOIN,BTC,04/09/2017,4100.11
20,BITCOIN,BTC,05/09/2017,4366.47
21,BITCOIN,BTC,06/09/2017,4619.77
22,BITCOIN,BTC,07/09/2017,4691.61
23,BITCOIN,BTC,08/09/2017,4282.8
24,BITCOIN,BTC,09/09/2017,4258.81
25,BITCOIN,BTC,10/09/2017,4130.37
26,BITCOIN,BTC,11/09/2017,4208.47
27,BITCOIN,BTC,12/09/2017,4163.72
28,BITCOIN,BTC,13/09/2017,3944.69
29,BITCOIN,BTC,14/09/2017,3189.02
30,BITCOIN,BTC,15/09/2017,3700
31,BITCOIN,BTC,16/09/2017,3714.95
32,BITCOIN,BTC,17/09/2017,3699.99
33,BITCOIN,BTC,18/09/2017,4035.01
34,BITCOIN,BTC,19/09/2017,3910.04
35,BITCOIN,BTC,20/09/2017,3900
36,BITCOIN,BTC,21/09/2017,3609.99
37,BITCOIN,BTC,22/09/2017,3595.87
38,BITCOIN,BTC,23/09/2017,3780
39,BITCOIN,BTC,24/09/2017,3660.02
40,BITCOIN,BTC,25/09/2017,3920.75
41,BITCOIN,BTC,26/09/2017,3882.35
42,BITCOIN,BTC,27/09/2017,4193
43,BITCOIN,BTC,28/09/2017,4174.5
44,BITCOIN,BTC,29/09/2017,4174.69
45,BITCOIN,BTC,30/09/2017,4378.51
46,BITCOIN,BTC,01/10/2017,4378.48
47,BITCOIN,BTC,02/10/2017,4380
48,BITCOIN,BTC,03/10/2017,4310
49,BITCOIN,BTC,04/10/2017,4208.59
50,BITCOIN,BTC,05/10/2017,4292.43
51,BITCOIN,BTC,06/10/2017,4369
52,BITCOIN,BTC,07/10/2017,4423
53,BITCOIN,BTC,08/10/2017,4640
54,BITCOIN,BTC,09/10/2017,4786.95
55,BITCOIN,BTC,10/10/2017,4783.06
56,BITCOIN,BTC,11/10/2017,4821.43
57,BITCOIN,BTC,12/10/2017,5430
58,BITCOIN,BTC,13/10/2017,5649.98
59,BITCOIN,BTC,14/10/2017,5869.99
60,BITCOIN,BTC,15/10/2017,5709.99
61,BITCOIN,BTC,16/10/2017,5760.02
62,BITCOIN,BTC,17/10/2017,5595
63,BITCOIN,BTC,18/10/2017,5512.06
64,BITCOIN,BTC,19/10/2017,5683.9
65,BITCOIN,BTC,20/10/2017,6010.01
66,BITCOIN,BTC,21/10/2017,6024.97
67,BITCOIN,BTC,22/10/2017,5950.02
68,BITCOIN,BTC,23/10/2017,5915.93
69,BITCOIN,BTC,24/10/2017,5477.03
70,BITCOIN,BTC,25/10/2017,5689.99
71,BITCOIN,BTC,26/10/2017,5861.77
72,BITCOIN,BTC,27/10/2017,5768.83
73,BITCOIN,BTC,28/10/2017,5719.64
74,BITCOIN,BTC,29/10/2017,6169.98
75,BITCOIN,BTC,30/10/2017,6120.5
76,BITCOIN,BTC,31/10/2017,6463
77,BITCOIN,BTC,01/11/2017,6753.98
78,BITCOIN,BTC,02/11/2017,7019.98
79,BITCOIN,BTC,03/11/2017,7115.04
80,BITCOIN,BTC,04/11/2017,7357.09
81,BITCOIN,BTC,05/11/2017,7345.01
82,BITCOIN,BTC,06/11/2017,6960.12
83,BITCOIN,BTC,07/11/2017,7064.04
84,BITCOIN,BTC,08/11/2017,7303
85,BITCOIN,BTC,09/11/2017,7079.99
86,BITCOIN,BTC,10/11/2017,6506.98
87,BITCOIN,BTC,11/11/2017,6245.05
88,BITCOIN,BTC,12/11/2017,5811.03
89,BITCOIN,BTC,13/11/2017,6465.99
90,BITCOIN,BTC,14/11/2017,6574.99
91,BITCOIN,BTC,15/11/2017,7240.06
92,BITCOIN,BTC,16/11/2017,7864.5
93,BITCOIN,BTC,17/11/2017,7699.19
94,BITCOIN,BTC,18/11/2017,7761.94
95,BITCOIN,BTC,19/11/2017,8038
96,BITCOIN,BTC,20/11/2017,8212
97,BITCOIN,BTC,21/11/2017,8119.51
98,BITCOIN,BTC,22/11/2017,8205.92
99,BITCOIN,BTC,23/11/2017,8019.99
100,BITCOIN,BTC,24/11/2017,8138
101,BITCOIN,BTC,25/11/2017,8700.01
102,BITCOIN,BTC,26/11/2017,9128.02
103,BITCOIN,BTC,27/11/2017,9650
104,BITCOIN,BTC,28/11/2017,9896.8
105,BITCOIN,BTC,29/11/2017,9687.88
106,BITCOIN,BTC,30/11/2017,9838.96
107,BITCOIN,BTC,01/12/2017,10782.99
108,BITCOIN,BTC,02/12/2017,10890.01
109,BITCOIN,BTC,03/12/2017,11165.41
110,BITCOIN,BTC,04/12/2017,11579
111,BITCOIN,BTC,05/12/2017,11699.99
112,BITCOIN,BTC,06/12/2017,13550.05
113,BITCOIN,BTC,07/12/2017,16599
114,BITCOIN,BTC,08/12/2017,15880
115,BITCOIN,BTC,09/12/2017,14656.07
116,BITCOIN,BTC,10/12/2017,14899.98
117,BITCOIN,BTC,11/12/2017,16587.97
118,BITCOIN,BTC,12/12/2017,16349.99
119,BITCOIN,BTC,13/12/2017,16033.29
120,BITCOIN,BTC,14/12/2017,16334.98
121,BITCOIN,BTC,15/12/2017,17539.83
122,BITCOIN,BTC,16/12/2017,19102.66
123,BITCOIN,BTC,17/12/2017,18860.02
124,BITCOIN,BTC,18/12/2017 00:00,18856.25
125,BITCOIN,BTC,18/12/2017,18856.25
126,BITCOIN,BTC,19/12/2017 00:00,17295.2
127,BITCOIN,BTC,20/12/2017 00:00,16488.98
128,BITCOIN,BTC,21/12/2017 00:00,15492.64
129,BITCOIN,BTC,22/12/2017 00:00,13326.61
130,BITCOIN,BTC,23/12/2017 00:00,13300
131,BITCOIN,BTC,24/12/2017 00:00,13500
132,BITCOIN,BTC,25/12/2017 00:00,13699.34
133,BITCOIN,BTC,26/12/2017 00:00,15689.01
134,BITCOIN,BTC,27/12/2017 00:00,15459.99
135,BITCOIN,BTC,28/12/2017 00:00,14182.11
136,BITCOIN,BTC,29/12/2017 00:00,14378.9
137,BITCOIN,BTC,30/12/2017 00:00,12440.01
138,BITCOIN,BTC,31/12/2017 00:00,13716.36
139,BITCOIN,BTC,01/01/2018 00:00,13380
140,BITCOIN,BTC,02/01/2018 00:00,14675.11
141,BITCOIN,BTC,03/01/2018 00:00,14919.51
142,BITCOIN,BTC,04/01/2018 00:00,15059.54
143,BITCOIN,BTC,05/01/2018 00:00,16960.39
144,BITCOIN,BTC,06/01/2018 00:00,17069.79
145,BITCOIN,BTC,07/01/2018 00:00,16150.03
146,BITCOIN,BTC,08/01/2018 00:00,14902.54
147,BITCOIN,BTC,09/01/2018 00:00,14400
148,BITCOIN,BTC,10/01/2018 00:00,14907.09
149,BITCOIN,BTC,11/01/2018 00:00,13238.78
150,BITCOIN,BTC,12/01/2018 00:00,13740.01
151,BITCOIN,BTC,13/01/2018 00:00,14210
152,BITCOIN,BTC,14/01/2018 00:00,13474.99
153,BITCOIN,BTC,15/01/2018 00:00,13539.93
154,BITCOIN,BTC,16/01/2018 00:00,10900
155,BITCOIN,BTC,17/01/2018 00:00,10988.79
156,BITCOIN,BTC,18/01/2018 00:00,10961.97
157,BITCOIN,BTC,19/01/2018 00:00,11474.98
158,BITCOIN,BTC,20/01/2018 00:00,12799.94
159,BITCOIN,BTC,21/01/2018 00:00,11530
160,BITCOIN,BTC,22/01/2018 00:00,10760.05
161,BITCOIN,BTC,23/01/2018 00:00,10799.18
162,BITCOIN,BTC,24/01/2018 00:00,11349.99
163,BITCOIN,BTC,25/01/2018 00:00,11175.27
164,BITCOIN,BTC,26/01/2018 00:00,11089
165,BITCOIN,BTC,27/01/2018 00:00,11491
166,BITCOIN,BTC,28/01/2018 00:00,11879.95
167,BITCOIN,BTC,29/01/2018 00:00,11251
168,BITCOIN,BTC,30/01/2018 00:00,10237.51
169,BITCOIN,BTC,31/01/2018 00:00,10285.1
170,BITCOIN,BTC,01/02/2018 00:00,9224.52
171,BITCOIN,BTC,02/02/2018 00:00,8873.03
172,BITCOIN,BTC,03/02/2018 00:00,9199.96
173,BITCOIN,BTC,04/02/2018 00:00,8184.81
174,BITCOIN,BTC,05/02/2018 00:00,6939.99
175,BITCOIN,BTC,06/02/2018 00:00,7652.14
176,BITCOIN,BTC,07/02/2018 00:00,7599
177,BITCOIN,BTC,08/02/2018 00:00,7784.02
178,BITCOIN,BTC,09/02/2018 00:00,8683.92
179,BITCOIN,BTC,10/02/2018 00:00,8533.98
180,BITCOIN,BTC,11/02/2018 00:00,8063.88
181,BITCOIN,BTC,12/02/2018 00:00,8903
182,BITCOIN,BTC,13/02/2018 00:00,8539.9
183,BITCOIN,BTC,14/02/2018 00:00,9449.99
184,BITCOIN,BTC,15/02/2018 00:00,10000.09
185,BITCOIN,BTC,16/02/2018 00:00,10159.98
186,BITCOIN,BTC,17/02/2018 00:00,11039.55
187,BITCOIN,BTC,18/02/2018 00:00,10383.43
188,BITCOIN,BTC,19/02/2018 00:00,11153
189,BITCOIN,BTC,20/02/2018 00:00,11200.99
190,BITCOIN,BTC,21/02/2018 00:00,10437.6
191,BITCOIN,BTC,22/02/2018 00:00,9811.04
192,BITCOIN,BTC,23/02/2018 00:00,10131.04
193,BITCOIN,BTC,24/02/2018 00:00,9694.51
194,BITCOIN,BTC,25/02/2018 00:00,9590
195,BITCOIN,BTC,26/02/2018 00:00,10324
196,BITCOIN,BTC,27/02/2018 00:00,10569.04
197,BITCOIN,BTC,28/02/2018 00:00,10326.76
198,BITCOIN,BTC,01/03/2018 00:00,10920
199,BITCOIN,BTC,02/03/2018 00:00,11039
200,BITCOIN,BTC,03/03/2018 00:00,11464.48
201,BITCOIN,BTC,04/03/2018 00:00,11515
202,BITCOIN,BTC,05/03/2018 00:00,11454
203,BITCOIN,BTC,06/03/2018 00:00,10716.48
204,BITCOIN,BTC,07/03/2018 00:00,9910
205,BITCOIN,BTC,08/03/2018 00:00,9271.64
206,BITCOIN,BTC,09/03/2018 00:00,9227
207,BITCOIN,BTC,10/03/2018 00:00,8770.22
208,BITCOIN,BTC,11/03/2018 00:00,9533.57
209,BITCOIN,BTC,12/03/2018 00:00,9131.34
210,BITCOIN,BTC,13/03/2018 00:00,9150
211,BITCOIN,BTC,14/03/2018 00:00,8170
212,BITCOIN,BTC,15/03/2018 00:00,8240.98
213,BITCOIN,BTC,16/03/2018 00:00,8260
214,BITCOIN,BTC,17/03/2018 00:00,7824.8
215,BITCOIN,BTC,18/03/2018 00:00,8189.99
216,BITCOIN,BTC,19/03/2018 00:00,8600
217,BITCOIN,BTC,20/03/2018 00:00,8909.98
218,BITCOIN,BTC,21/03/2018 00:00,8885
219,BITCOIN,BTC,22/03/2018 00:00,8722.9
220,BITCOIN,BTC,23/03/2018 00:00,8898.03
221,BITCOIN,BTC,24/03/2018 00:00,8546.86
222,BITCOIN,BTC,25/03/2018 00:00,8470.15
223,BITCOIN,BTC,26/03/2018 00:00,8134.23
224,BITCOIN,BTC,27/03/2018 00:00,7795.51
225,BITCOIN,BTC,28/03/2018 00:00,7949.3
226,BITCOIN,BTC,29/03/2018 00:00,7090.14
227,BITCOIN,BTC,30/03/2018 00:00,6840.23
228,BITCOIN,BTC,31/03/2018 00:00,6923.91
229,BITCOIN,BTC,01/04/2018 00:00,6813.01
230,BITCOIN,BTC,02/04/2018 00:00,7056
231,BITCOIN,BTC,03/04/2018 00:00,7405.21
232,BITCOIN,BTC,04/04/2018 00:00,6796.1
233,BITCOIN,BTC,05/04/2018 00:00,6770.76
234,BITCOIN,BTC,06/04/2018 00:00,6601.39
235,BITCOIN,BTC,07/04/2018 00:00,6895.8
236,BITCOIN,BTC,08/04/2018 00:00,7018
237,BITCOIN,BTC,09/04/2018 00:00,6782.72
238,BITCOIN,BTC,10/04/2018 00:00,6843.9
239,BITCOIN,BTC,11/04/2018 00:00,6953.79
240,BITCOIN,BTC,12/04/2018 00:00,7923
241,BITCOIN,BTC,13/04/2018 00:00,7877.41
242,BITCOIN,BTC,14/04/2018 00:00,7999.01
243,BITCOIN,BTC,15/04/2018 00:00,8355
244,BITCOIN,BTC,16/04/2018 00:00,8064.92
245,BITCOIN,BTC,17/04/2018 00:00,7885.02
246,BITCOIN,BTC,18/04/2018 00:00,8173
247,BITCOIN,BTC,19/04/2018 00:00,8278
248,BITCOIN,BTC,20/04/2018 00:00,8856.98
249,BITCOIN,BTC,21/04/2018 00:00,8915.31
250,BITCOIN,BTC,22/04/2018 00:00,8787.02
251,BITCOIN,BTC,23/04/2018 00:00,8934.01
252,BITCOIN,BTC,24/04/2018 00:00,9619.99
253,BITCOIN,BTC,25/04/2018 00:00,8869.99
254,BITCOIN,BTC,26/04/2018 00:00,9266
255,BITCOIN,BTC,27/04/2018 00:00,8915.35
256,BITCOIN,BTC,28/04/2018 00:00,9348
257,BITCOIN,BTC,29/04/2018 00:00,9419
258,BITCOIN,BTC,30/04/2018 00:00,9246.01
259,BITCOIN,BTC,01/05/2018 00:00,9071.48
260,BITCOIN,BTC,02/05/2018 00:00,9247.84
261,BITCOIN,BTC,03/05/2018 00:00,9750
262,BITCOIN,BTC,04/05/2018 00:00,9713.99
263,BITCOIN,BTC,05/05/2018 00:00,9864
264,BITCOIN,BTC,06/05/2018 00:00,9659.01
265,BITCOIN,BTC,07/05/2018 00:00,9365
266,BITCOIN,BTC,08/05/2018 00:00,9187.56
267,BITCOIN,BTC,09/05/2018 00:00,9310
268,BITCOIN,BTC,10/05/2018 00:00,9002.2
269,BITCOIN,BTC,11/05/2018 00:00,8400
270,BITCOIN,BTC,12/05/2018 00:00,8465.94
271,BITCOIN,BTC,13/05/2018 00:00,8679.71
272,BITCOIN,BTC,14/05/2018 00:00,8663.34
273,BITCOIN,BTC,15/05/2018 00:00,8462
274,BITCOIN,BTC,16/05/2018 00:00,8330
275,BITCOIN,BTC,17/05/2018 00:00,8041.46
276,BITCOIN,BTC,18/05/2018 00:00,8239.81
277,BITCOIN,BTC,19/05/2018 00:00,8233.49
278,BITCOIN,BTC,20/05/2018 00:00,8526.98
279,BITCOIN,BTC,21/05/2018 00:00,8381.24
280,BITCOIN,BTC,22/05/2018 00:00,7977.11
281,BITCOIN,BTC,23/05/2018 00:00,7501.95
282,BITCOIN,BTC,24/05/2018 00:00,7575.01
283,BITCOIN,BTC,25/05/2018 00:00,7457
284,BITCOIN,BTC,26/05/2018 00:00,7333.96
285,BITCOIN,BTC,27/05/2018 00:00,7338.99
286,BITCOIN,BTC,28/05/2018 00:00,7099
287,BITCOIN,BTC,29/05/2018 00:00,7461.29
288,BITCOIN,BTC,30/05/2018 00:00,7375.96
289,BITCOIN,BTC,31/05/2018 00:00,7485.01
290,BITCOIN,BTC,01/06/2018 00:00,7521.01
291,BITCOIN,BTC,02/06/2018 00:00,7640.03
292,BITCOIN,BTC,03/06/2018 00:00,7714.26
293,BITCOIN,BTC,04/06/2018 00:00,7487
294,BITCOIN,BTC,05/06/2018 00:00,7625
295,BITCOIN,BTC,06/06/2018 00:00,7658.84
296,BITCOIN,BTC,07/06/2018 00:00,7691.08
297,BITCOIN,BTC,08/06/2018 00:00,7603.44
298,BITCOIN,BTC,09/06/2018 00:00,7491.73
299,BITCOIN,BTC,10/06/2018 00:00,6764.99
300,BITCOIN,BTC,11/06/2018 00:00,6872
301,BITCOIN,BTC,12/06/2018 00:00,6530
302,BITCOIN,BTC,13/06/2018 00:00,6292.78
303,BITCOIN,BTC,14/06/2018 00:00,6635.98
304,BITCOIN,BTC,15/06/2018 00:00,6388.9
305,BITCOIN,BTC,16/06/2018 00:00,6483.98
306,BITCOIN,BTC,17/06/2018 00:00,6449.61
307,BITCOIN,BTC,18/06/2018 00:00,6712.46
308,BITCOIN,BTC,19/06/2018 00:00,6741.21
309,BITCOIN,BTC,20/06/2018 00:00,6761.51
310,BITCOIN,BTC,21/06/2018 00:00,6718.84
311,BITCOIN,BTC,22/06/2018 00:00,6045
312,BITCOIN,BTC,23/06/2018 00:00,6149.98
313,BITCOIN,BTC,24/06/2018 00:00,6136.97
314,BITCOIN,BTC,25/06/2018 00:00,6252
315,BITCOIN,BTC,26/06/2018 00:00,6070.78
316,BITCOIN,BTC,27/06/2018 00:00,6133.73
317,BITCOIN,BTC,28/06/2018 00:00,5853.98
318,BITCOIN,BTC,29/06/2018 00:00,6197.92
319,BITCOIN,BTC,30/06/2018 00:00,6390.07
320,BITCOIN,BTC,01/07/2018 00:00,6356.81
321,BITCOIN,BTC,02/07/2018 00:00,6615.29
322,BITCOIN,BTC,03/07/2018 00:00,6513.86
323,BITCOIN,BTC,04/07/2018 00:00,6586.98
324,BITCOIN,BTC,05/07/2018 00:00,6529.2
325,BITCOIN,BTC,06/07/2018 00:00,6609.78
326,BITCOIN,BTC,07/07/2018 00:00,6756.98
327,BITCOIN,BTC,08/07/2018 00:00,6712.1
328,BITCOIN,BTC,09/07/2018 00:00,6662.12
329,BITCOIN,BTC,10/07/2018 00:00,6296.91
330,BITCOIN,BTC,11/07/2018 00:00,6378.07
331,BITCOIN,BTC,12/07/2018 00:00,6250.57
332,BITCOIN,BTC,13/07/2018 00:00,6214.57
333,BITCOIN,BTC,14/07/2018 00:00,6251.99
334,BITCOIN,BTC,15/07/2018 00:00,6353.01
335,BITCOIN,BTC,16/07/2018 00:00,6723.35
336,BITCOIN,BTC,17/07/2018 00:00,7317.44
337,BITCOIN,BTC,18/07/2018 00:00,7381.9
338,BITCOIN,BTC,19/07/2018 00:00,7466.21
339,BITCOIN,BTC,20/07/2018 00:00,7337.53
340,BITCOIN,BTC,21/07/2018 00:00,7398.78
341,BITCOIN,BTC,22/07/2018 00:00,7394.79
342,BITCOIN,BTC,23/07/2018 00:00,7721.01
343,BITCOIN,BTC,24/07/2018 00:00,8397.24
344,BITCOIN,BTC,25/07/2018 00:00,8175.64
345,BITCOIN,BTC,26/07/2018 00:00,7920
346,BITCOIN,BTC,27/07/2018 00:00,8188.57
347,BITCOIN,BTC,28/07/2018 00:00,8225.04
348,BITCOIN,BTC,29/07/2018 00:00,8211
349,BITCOIN,BTC,30/07/2018 00:00,8173.92
350,BITCOIN,BTC,31/07/2018 00:00,7730.93
351,BITCOIN,BTC,01/08/2018 00:00,7604.58
352,BITCOIN,BTC,02/08/2018 00:00,7525.71
353,BITCOIN,BTC,03/08/2018 00:00,7418.78
354,BITCOIN,BTC,04/08/2018 00:00,7009.84
355,BITCOIN,BTC,05/08/2018 00:00,7024.19
356,BITCOIN,BTC,06/08/2018 00:00,6934.82
357,BITCOIN,BTC,07/08/2018 00:00,6720.06
358,BITCOIN,BTC,08/08/2018 00:00,6285
359,BITCOIN,BTC,09/08/2018 00:00,6529.79
360,BITCOIN,BTC,10/08/2018 00:00,6144.01
361,BITCOIN,BTC,11/08/2018 00:00,6232.35
362,BITCOIN,BTC,12/08/2018 00:00,6308.33
363,BITCOIN,BTC,13/08/2018 00:00,6246.35
364,BITCOIN,BTC,14/08/2018 00:00,6188.08
365,BITCOIN,BTC,15/08/2018 00:00,6267.16
366,BITCOIN,BTC,16/08/2018 00:00,6311.75
367,BITCOIN,BTC,17/08/2018 00:00,6584.49
368,BITCOIN,BTC,18/08/2018 00:00,6387.96
369,BITCOIN,BTC,19/08/2018 00:00,6477.53
370,BITCOIN,BTC,20/08/2018 00:00,6254.84
371,BITCOIN,BTC,21/08/2018 00:00,6480
372,BITCOIN,BTC,22/08/2018 00:00,6360.89
373,BITCOIN,BTC,23/08/2018 00:00,6525.01
374,BITCOIN,BTC,24/08/2018 00:00,6681.64
375,BITCOIN,BTC,25/08/2018 00:00,6733.64
376,BITCOIN,BTC,26/08/2018 00:00,6700
377,BITCOIN,BTC,27/08/2018 00:00,6908.64
378,BITCOIN,BTC,28/08/2018 00:00,7076.11
379,BITCOIN,BTC,29/08/2018 00:00,7031.22
380,BITCOIN,BTC,30/08/2018 00:00,6984.84
381,BITCOIN,BTC,31/08/2018 00:00,7011.21
382,BITCOIN,BTC,01/09/2018 00:00,7200.01
383,BITCOIN,BTC,02/09/2018 00:00,7302.01
384,BITCOIN,BTC,03/09/2018 00:00,7263.02
385,BITCOIN,BTC,04/09/2018 00:00,7359.06
386,BITCOIN,BTC,05/09/2018 00:00,6700
387,BITCOIN,BTC,06/09/2018 00:00,6516.01
388,BITCOIN,BTC,07/09/2018 00:00,6395.54
389,BITCOIN,BTC,08/09/2018 00:00,6185.05
390,BITCOIN,BTC,09/09/2018 00:00,6250.81
391,BITCOIN,BTC,10/09/2018 00:00,6312
392,BITCOIN,BTC,11/09/2018 00:00,6294.91
393,BITCOIN,BTC,12/09/2018 00:00,6338.62
394,BITCOIN,BTC,13/09/2018 00:00,6487.38
395,BITCOIN,BTC,14/09/2018 00:00,6476.63
396,BITCOIN,BTC,15/09/2018 00:00,6514.96
397,BITCOIN,BTC,16/09/2018 00:00,6505
398,BITCOIN,BTC,17/09/2018 00:00,6248.69
399,BITCOIN,BTC,18/09/2018 00:00,6336.45
400,BITCOIN,BTC,19/09/2018 00:00,6391.89
401,BITCOIN,BTC,20/09/2018 00:00,6492
402,BITCOIN,BTC,21/09/2018 00:00,6759.02
403,BITCOIN,BTC,22/09/2018 00:00,6723.05
404,BITCOIN,BTC,23/09/2018 00:00,6708
405,BITCOIN,BTC,24/09/2018 00:00,6581.39
406,BITCOIN,BTC,25/09/2018 00:00,6447.54
407,BITCOIN,BTC,26/09/2018 00:00,6465.12
408,BITCOIN,BTC,27/09/2018 00:00,6689.13
409,BITCOIN,BTC,28/09/2018 00:00,6634.58
410,BITCOIN,BTC,29/09/2018 00:00,6596.38
411,BITCOIN,BTC,30/09/2018 00:00,6626.57
412,BITCOIN,BTC,01/10/2018 00:00,6611.61
413,BITCOIN,BTC,02/10/2018 00:00,6525.79
414,BITCOIN,BTC,03/10/2018 00:00,6510
415,BITCOIN,BTC,04/10/2018 00:00,6593.79
416,BITCOIN,BTC,05/10/2018 00:00,6635.65
417,BITCOIN,BTC,06/10/2018 00:00,6594.27
418,BITCOIN,BTC,07/10/2018 00:00,6615.26
419,BITCOIN,BTC,08/10/2018 00:00,6673.01
420,BITCOIN,BTC,09/10/2018 00:00,6656.61
421,BITCOIN,BTC,10/10/2018 00:00,6631
422,BITCOIN,BTC,11/10/2018 00:00,6252.68
423,BITCOIN,BTC,12/10/2018 00:00,6298.01
424,BITCOIN,BTC,13/10/2018 00:00,6332.93
425,BITCOIN,BTC,14/10/2018 00:00,6339.34
426,BITCOIN,BTC,15/10/2018 00:00,6752.5
427,BITCOIN,BTC,16/10/2018 00:00,6759.27
428,BITCOIN,BTC,17/10/2018 00:00,6740.89
429,BITCOIN,BTC,18/10/2018 00:00,6618.96
430,BITCOIN,BTC,19/10/2018 00:00,6528.88
431,BITCOIN,BTC,20/10/2018 00:00,6588.4
432,BITCOIN,BTC,21/10/2018 00:00,6590.11
433,BITCOIN,BTC,22/10/2018 00:00,6581.2
434,BITCOIN,BTC,23/10/2018 00:00,6553.51
435,BITCOIN,BTC,24/10/2018 00:00,6565.5
436,BITCOIN,BTC,25/10/2018 00:00,6528.09
437,BITCOIN,BTC,26/10/2018 00:00,6538.63
438,BITCOIN,BTC,27/10/2018 00:00,6505.6
439,BITCOIN,BTC,28/10/2018 00:00,6489.93
440,BITCOIN,BTC,29/10/2018 00:00,6344.5
441,BITCOIN,BTC,30/10/2018 00:00,6330.87
442,BITCOIN,BTC,31/10/2018 00:00,6371.93
443,BITCOIN,BTC,01/11/2018 00:00,6410
444,BITCOIN,BTC,02/11/2018 00:00,6433.98
445,BITCOIN,BTC,03/11/2018 00:00,6387.09
446,BITCOIN,BTC,04/11/2018 00:00,6485.85
447,BITCOIN,BTC,05/11/2018 00:00,6468.99
448,BITCOIN,BTC,06/11/2018 00:00,6519.11
449,BITCOIN,BTC,07/11/2018 00:00,6578.46
450,BITCOIN,BTC,08/11/2018 00:00,6479.84
451,BITCOIN,BTC,09/11/2018 00:00,6419.99
452,BITCOIN,BTC,10/11/2018 00:00,6433.05
453,BITCOIN,BTC,11/11/2018 00:00,6449.81
454,BITCOIN,BTC,12/11/2018 00:00,6453.07
455,BITCOIN,BTC,13/11/2018 00:00,6457.66
456,BITCOIN,BTC,14/11/2018 00:00,5922.41
457,BITCOIN,BTC,15/11/2018 00:00,5753.4
458,BITCOIN,BTC,16/11/2018 00:00,5655.94
459,BITCOIN,BTC,17/11/2018 00:00,5628.29
460,BITCOIN,BTC,18/11/2018 00:00,5662
461,BITCOIN,BTC,19/11/2018 00:00,4910.03
462,BITCOIN,BTC,20/11/2018 00:00,4558.86
463,BITCOIN,BTC,21/11/2018 00:00,4661.07
464,BITCOIN,BTC,22/11/2018 00:00,4370
465,BITCOIN,BTC,23/11/2018 00:00,4420.61
466,BITCOIN,BTC,24/11/2018 00:00,3932.44
467,BITCOIN,BTC,25/11/2018 00:00,4085.78
468,BITCOIN,BTC,26/11/2018 00:00,3862.2
469,BITCOIN,BTC,27/11/2018 00:00,3875.21
470,BITCOIN,BTC,28/11/2018 00:00,4264.85
471,BITCOIN,BTC,29/11/2018 00:00,4295.84
472,BITCOIN,BTC,30/11/2018 00:00,4041.32
473,BITCOIN,BTC,01/12/2018 00:00,4190.02
474,BITCOIN,BTC,02/12/2018 00:00,4161.01
475,BITCOIN,BTC,03/12/2018 00:00,3884.01
476,BITCOIN,BTC,04/12/2018 00:00,3951.64
477,BITCOIN,BTC,05/12/2018 00:00,3769.84
478,BITCOIN,BTC,06/12/2018 00:00,3508.75
479,BITCOIN,BTC,07/12/2018 00:00,3403.55
480,BITCOIN,BTC,08/12/2018 00:00,3410.93
481,BITCOIN,BTC,09/12/2018 00:00,3545.37
482,BITCOIN,BTC,10/12/2018 00:00,3432.88
483,BITCOIN,BTC,11/12/2018 00:00,3380.39
484,BITCOIN,BTC,12/12/2018 00:00,3445
485,BITCOIN,BTC,13/12/2018 00:00,3302.06
486,BITCOIN,BTC,14/12/2018 00:00,3224.17
487,BITCOIN,BTC,15/12/2018 00:00,3211.72
488,BITCOIN,BTC,16/12/2018 00:00,3228.67
489,BITCOIN,BTC,17/12/2018 00:00,3509.08
490,BITCOIN,BTC,18/12/2018 00:00,3652.98
491,BITCOIN,BTC,19/12/2018 00:00,3662.22
492,BITCOIN,BTC,20/12/2018 00:00,4049.62
493,BITCOIN,BTC,21/12/2018 00:00,3838.66
494,BITCOIN,BTC,22/12/2018 00:00,3948.91
495,BITCOIN,BTC,23/12/2018 00:00,3929.71
496,BITCOIN,BTC,24/12/2018 00:00,4008.01
497,BITCOIN,BTC,25/12/2018 00:00,3745.79
498,BITCOIN,BTC,26/12/2018 00:00,3777.74
499,BITCOIN,BTC,27/12/2018 00:00,3567.91
500,BITCOIN,BTC,28/12/2018 00:00,3839.26
501,BITCOIN,BTC,29/12/2018 00:00,3695.32
502,BITCOIN,BTC,30/12/2018 00:00,3801.91
503,BITCOIN,BTC,31/12/2018 00:00,3702.9
504,BITCOIN,BTC,01/01/2019 00:00,3797.14
505,BITCOIN,BTC,02/01/2019 00:00,3858.56
506,BITCOIN,BTC,03/01/2019 00:00,3766.78
507,BITCOIN,BTC,04/01/2019 00:00,3792.01
508,BITCOIN,BTC,05/01/2019 00:00,3770.96
509,BITCOIN,BTC,06/01/2019 00:00,3987.6
510,BITCOIN,BTC,07/01/2019 00:00,3975.45
511,BITCOIN,BTC,08/01/2019 00:00,3955.13
512,BITCOIN,BTC,09/01/2019 00:00,3966.65
513,BITCOIN,BTC,10/01/2019 00:00,3585.88
514,BITCOIN,BTC,11/01/2019 00:00,3601.31
515,BITCOIN,BTC,12/01/2019 00:00,3583.13
516,BITCOIN,BTC,13/01/2019 00:00,3476.81
517,BITCOIN,BTC,14/01/2019 00:00,3626.09
518,BITCOIN,BTC,15/01/2019 00:00,3553.06
519,BITCOIN,BTC,16/01/2019 00:00,3591.84
520,BITCOIN,BTC,17/01/2019 00:00,3616.21
521,BITCOIN,BTC,18/01/2019 00:00,3594.87
522,BITCOIN,BTC,19/01/2019 00:00,3665.3
523,BITCOIN,BTC,20/01/2019 00:00,3539.28
524,BITCOIN,BTC,21/01/2019 00:00,3526.9
525,BITCOIN,BTC,22/01/2019 00:00,3570.93
526,BITCOIN,BTC,23/01/2019 00:00,3552.82
527,BITCOIN,BTC,24/01/2019 00:00,3569.62
528,BITCOIN,BTC,25/01/2019 00:00,3565.29
529,BITCOIN,BTC,26/01/2019 00:00,3565.25
530,BITCOIN,BTC,27/01/2019 00:00,3550.84
531,BITCOIN,BTC,28/01/2019 00:00,3434.15
532,BITCOIN,BTC,29/01/2019 00:00,3411.04
533,BITCOIN,BTC,30/01/2019 00:00,3458.18
534,BITCOIN,BTC,31/01/2019 00:00,3434.1
535,BITCOIN,BTC,01/02/2019 00:00,3462.07
536,BITCOIN,BTC,02/02/2019 00:00,3504.77
537,BITCOIN,BTC,03/02/2019 00:00,3458.11
538,BITCOIN,BTC,04/02/2019 00:00,3463.22
539,BITCOIN,BTC,05/02/2019 00:00,3471.59
540,BITCOIN,BTC,06/02/2019 00:00,3405.37
541,BITCOIN,BTC,07/02/2019 00:00,3398.4
542,BITCOIN,BTC,08/02/2019 00:00,3659.04
543,BITCOIN,BTC,09/02/2019 00:00,3665.18
544,BITCOIN,BTC,10/02/2019 00:00,3680.06
545,BITCOIN,BTC,11/02/2019 00:00,3631.05
546,BITCOIN,BTC,12/02/2019 00:00,3631.46
547,BITCOIN,BTC,13/02/2019 00:00,3609.4
548,BITCOIN,BTC,14/02/2019 00:00,3590.56
549,BITCOIN,BTC,15/02/2019 00:00,3602.47
550,BITCOIN,BTC,16/02/2019 00:00,3618.41
551,BITCOIN,BTC,17/02/2019 00:00,3667.58
552,BITCOIN,BTC,18/02/2019 00:00,3898.6
553,BITCOIN,BTC,19/02/2019 00:00,3907.79
554,BITCOIN,BTC,20/02/2019 00:00,3969.74
555,BITCOIN,BTC,21/02/2019 00:00,3937.31
556,BITCOIN,BTC,22/02/2019 00:00,3962
557,BITCOIN,BTC,23/02/2019 00:00,4117.76
558,BITCOIN,BTC,24/02/2019 00:00,3743.56
559,BITCOIN,BTC,25/02/2019 00:00,3827.92
560,BITCOIN,BTC,26/02/2019 00:00,3809.23
561,BITCOIN,BTC,27/02/2019 00:00,3818.07
562,BITCOIN,BTC,28/02/2019 00:00,3813.69
563,BITCOIN,BTC,01/03/2019 00:00,3823
564,BITCOIN,BTC,02/03/2019 00:00,3819.93
565,BITCOIN,BTC,03/03/2019 00:00,3807.75
566,BITCOIN,BTC,04/03/2019 00:00,3715.3
567,BITCOIN,BTC,05/03/2019 00:00,3857.73
568,BITCOIN,BTC,06/03/2019 00:00,3861.84
569,BITCOIN,BTC,07/03/2019 00:00,3873.64
570,BITCOIN,BTC,08/03/2019 00:00,3864.89
571,BITCOIN,BTC,09/03/2019 00:00,3943.04
572,BITCOIN,BTC,10/03/2019 00:00,3916.82
573,BITCOIN,BTC,11/03/2019 00:00,3871.61
574,BITCOIN,BTC,12/03/2019 00:00,3882.73
575,BITCOIN,BTC,13/03/2019 00:00,3866
576,BITCOIN,BTC,14/03/2019 00:00,3877.12
577,BITCOIN,BTC,15/03/2019 00:00,3923.76
578,BITCOIN,BTC,16/03/2019 00:00,4005.98
579,BITCOIN,BTC,17/03/2019 00:00,3981.14
580,BITCOIN,BTC,18/03/2019 00:00,3987.81
581,BITCOIN,BTC,19/03/2019 00:00,4015.53
582,BITCOIN,BTC,20/03/2019 00:00,4043.04
583,BITCOIN,BTC,21/03/2019 00:00,3980.64
584,BITCOIN,BTC,22/03/2019 00:00,3986.93
585,BITCOIN,BTC,23/03/2019 00:00,4006.01
586,BITCOIN,BTC,24/03/2019 00:00,3992.18
587,BITCOIN,BTC,25/03/2019 00:00,3936.12
588,BITCOIN,BTC,26/03/2019 00:00,3948.55
589,BITCOIN,BTC,27/03/2019 00:00,4038.05
590,BITCOIN,BTC,28/03/2019 00:00,4027.81
591,BITCOIN,BTC,29/03/2019 00:00,4103.25
592,BITCOIN,BTC,30/03/2019 00:00,4106.97
593,BITCOIN,BTC,31/03/2019 00:00,4103.95
594,BITCOIN,BTC,01/04/2019 00:00,4144.56
595,BITCOIN,BTC,02/04/2019 00:00,4857.29
596,BITCOIN,BTC,03/04/2019 00:00,4932.6
597,BITCOIN,BTC,04/04/2019 00:00,4898.66
598,BITCOIN,BTC,05/04/2019 00:00,5004.95
599,BITCOIN,BTC,06/04/2019 00:00,5043.89
600,BITCOIN,BTC,07/04/2019 00:00,5170.27
601,BITCOIN,BTC,08/04/2019 00:00,5236.9
602,BITCOIN,BTC,09/04/2019 00:00,5150
603,BITCOIN,BTC,10/04/2019 00:00,5308.25
604,BITCOIN,BTC,11/04/2019 00:00,5017.37
605,BITCOIN,BTC,12/04/2019 00:00,5048.01
606,BITCOIN,BTC,13/04/2019 00:00,5045.22
607,BITCOIN,BTC,14/04/2019 00:00,5131.3
608,BITCOIN,BTC,15/04/2019 00:00,5024.95
609,BITCOIN,BTC,16/04/2019 00:00,5173.72
610,BITCOIN,BTC,17/04/2019 00:00,5202.82
611,BITCOIN,BTC,18/04/2019 00:00,5258.44
612,BITCOIN,BTC,19/04/2019 00:00,5258.68
613,BITCOIN,BTC,20/04/2019 00:00,5291.73
614,BITCOIN,BTC,21/04/2019 00:00,5256.14
615,BITCOIN,BTC,22/04/2019 00:00,5357.14
616,BITCOIN,BTC,23/04/2019 00:00,5493.31
617,BITCOIN,BTC,24/04/2019 00:00,5415
618,BITCOIN,BTC,25/04/2019 00:00,5219.9
619,BITCOIN,BTC,26/04/2019 00:00,5314.1
620,BITCOIN,BTC,27/04/2019 00:00,5295.69
621,BITCOIN,BTC,28/04/2019 00:00,5307.52
622,BITCOIN,BTC,29/04/2019 00:00,5238.14
623,BITCOIN,BTC,30/04/2019 00:00,5320.81
624,BITCOIN,BTC,01/05/2019 00:00,5383.2
625,BITCOIN,BTC,02/05/2019 00:00,5492.87
626,BITCOIN,BTC,03/05/2019 00:00,5772.69
627,BITCOIN,BTC,04/05/2019 00:00,5829.45
628,BITCOIN,BTC,05/05/2019 00:00,5775.62
629,BITCOIN,BTC,06/05/2019 00:00,5747.79
630,BITCOIN,BTC,07/05/2019 00:00,5846.34
631,BITCOIN,BTC,08/05/2019 00:00,5987.29
632,BITCOIN,BTC,09/05/2019 00:00,6209.18
633,BITCOIN,BTC,10/05/2019 00:00,6373.33
634,BITCOIN,BTC,11/05/2019 00:00,7076.22
635,BITCOIN,BTC,12/05/2019 00:00,6967.31
636,BITCOIN,BTC,13/05/2019 00:00,7790.71
637,BITCOIN,BTC,14/05/2019 00:00,7947.56
638,BITCOIN,BTC,15/05/2019 00:00,8169.87
639,BITCOIN,BTC,16/05/2019 00:00,7866.59
640,BITCOIN,BTC,17/05/2019 00:00,7355.26
641,BITCOIN,BTC,18/05/2019 00:00,7257.45
642,BITCOIN,BTC,19/05/2019 00:00,8148.48
643,BITCOIN,BTC,20/05/2019 00:00,7938.15
644,BITCOIN,BTC,21/05/2019 00:00,7904.87
645,BITCOIN,BTC,22/05/2019 00:00,7628.43
646,BITCOIN,BTC,23/05/2019 00:00,7851.51
647,BITCOIN,BTC,24/05/2019 00:00,7964.87
648,BITCOIN,BTC,25/05/2019 00:00,8025.41
649,BITCOIN,BTC,26/05/2019 00:00,8614.43
650,BITCOIN,BTC,27/05/2019 00:00,8756.32
651,BITCOIN,BTC,28/05/2019 00:00,8715.64
652,BITCOIN,BTC,29/05/2019 00:00,8645.68
653,BITCOIN,BTC,30/05/2019 00:00,8269.54
654,BITCOIN,BTC,31/05/2019 00:00,8555
655,BITCOIN,BTC,01/06/2019 00:00,8544.07
656,BITCOIN,BTC,02/06/2019 00:00,8725.98
657,BITCOIN,BTC,03/06/2019 00:00,8115.82
658,BITCOIN,BTC,04/06/2019 00:00,7687.03
659,BITCOIN,BTC,05/06/2019 00:00,7776.5
660,BITCOIN,BTC,06/06/2019 00:00,7786.7
661,BITCOIN,BTC,07/06/2019 00:00,7980.53
662,BITCOIN,BTC,08/06/2019 00:00,7893.62
663,BITCOIN,BTC,09/06/2019 00:00,7628.13
664,BITCOIN,BTC,10/06/2019 00:00,7982.75
665,BITCOIN,BTC,11/06/2019 00:00,7884.9
666,BITCOIN,BTC,12/06/2019 00:00,8127.64
667,BITCOIN,BTC,13/06/2019 00:00,8218.54
668,BITCOIN,BTC,14/06/2019 00:00,8650
669,BITCOIN,BTC,15/06/2019 00:00,8808.7
670,BITCOIN,BTC,16/06/2019 00:00,8953.33
671,BITCOIN,BTC,17/06/2019 00:00,9313.96
672,BITCOIN,BTC,18/06/2019 00:00,9081.55
673,BITCOIN,BTC,19/06/2019 00:00,9255.49
674,BITCOIN,BTC,20/06/2019 00:00,9517.12
675,BITCOIN,BTC,21/06/2019 00:00,10159.86
676,BITCOIN,BTC,22/06/2019 00:00,10729.5
677,BITCOIN,BTC,23/06/2019 00:00,10906.07
678,BITCOIN,BTC,24/06/2019 00:00,11056.59
679,BITCOIN,BTC,25/06/2019 00:00,11820.86
680,BITCOIN,BTC,26/06/2019 00:00,13093.8
681,BITCOIN,BTC,27/06/2019 00:00,11329.99
682,BITCOIN,BTC,28/06/2019 00:00,12400.63
683,BITCOIN,BTC,29/06/2019 00:00,11903.13
684,BITCOIN,BTC,30/06/2019 00:00,10854.1
685,BITCOIN,BTC,01/07/2019 00:00,10624.93
686,BITCOIN,BTC,02/07/2019 00:00,10842.85
687,BITCOIN,BTC,03/07/2019 00:00,11940
688,BITCOIN,BTC,04/07/2019 00:00,11145.67
689,BITCOIN,BTC,05/07/2019 00:00,10970.73
690,BITCOIN,BTC,06/07/2019 00:00,11256.49
691,BITCOIN,BTC,07/07/2019 00:00,11406.24
692,BITCOIN,BTC,08/07/2019 00:00,12238.6
693,BITCOIN,BTC,09/07/2019 00:00,12543.41
694,BITCOIN,BTC,10/07/2019 00:00,12108.37
695,BITCOIN,BTC,11/07/2019 00:00,11342.89
696,BITCOIN,BTC,12/07/2019 00:00,11757.22
697,BITCOIN,BTC,13/07/2019 00:00,11355.76
698,BITCOIN,BTC,14/07/2019 00:00,10174.18
699,BITCOIN,BTC,15/07/2019 00:00,10838.72
700,BITCOIN,BTC,16/07/2019 00:00,9439.59
701,BITCOIN,BTC,17/07/2019 00:00,9667.92
702,BITCOIN,BTC,18/07/2019 00:00,10627.16
703,BITCOIN,BTC,19/07/2019 00:00,10504.29
704,BITCOIN,BTC,20/07/2019 00:00,10740.23
705,BITCOIN,BTC,21/07/2019 00:00,10589.45
706,BITCOIN,BTC,22/07/2019 00:00,10340.31
707,BITCOIN,BTC,23/07/2019 00:00,9864.91
708,BITCOIN,BTC,24/07/2019 00:00,9763.28
709,BITCOIN,BTC,25/07/2019 00:00,9879.87
710,BITCOIN,BTC,26/07/2019 00:00,9824
711,BITCOIN,BTC,27/07/2019 00:00,9476.52
712,BITCOIN,BTC,28/07/2019 00:00,9541.54
713,BITCOIN,BTC,29/07/2019 00:00,9507.64
714,BITCOIN,BTC,30/07/2019 00:00,9574.21
715,BITCOIN,BTC,31/07/2019 00:00,10080.53
716,BITCOIN,BTC,01/08/2019 00:00,10374.99
717,BITCOIN,BTC,02/08/2019 00:00,10523.75
718,BITCOIN,BTC,03/08/2019 00:00,10816.86
719,BITCOIN,BTC,04/08/2019 00:00,10929.23
720,BITCOIN,BTC,05/08/2019 00:00,11828.8
721,BITCOIN,BTC,06/08/2019 00:00,11481.69
722,BITCOIN,BTC,07/08/2019 00:00,11975.03
723,BITCOIN,BTC,08/08/2019 00:00,11999.77
724,BITCOIN,BTC,09/08/2019 00:00,11879.99
725,BITCOIN,BTC,10/08/2019 00:00,11309.31
726,BITCOIN,BTC,11/08/2019 00:00,11549.97
727,BITCOIN,BTC,12/08/2019 00:00,11396.08
728,BITCOIN,BTC,13/08/2019 00:00,10892.71
729,BITCOIN,BTC,14/08/2019 00:00,10050.37
730,BITCOIN,BTC,15/08/2019 00:00,10293.93
731,BITCOIN,BTC,16/08/2019 00:00,10331.54
732,BITCOIN,BTC,17/08/2019 00:00,10216.02
733,BITCOIN,BTC,18/08/2019 00:00,10306.78
734,BITCOIN,BTC,19/08/2019 00:00,10915.54
735,BITCOIN,BTC,20/08/2019 00:00,10760.51
736,BITCOIN,BTC,21/08/2019 00:00,10142.57
737,BITCOIN,BTC,22/08/2019 00:00,10099.88
738,BITCOIN,BTC,23/08/2019 00:00,10389.55
739,BITCOIN,BTC,24/08/2019 00:00,10134.35
740,BITCOIN,BTC,25/08/2019 00:00,10142.69
741,BITCOIN,BTC,26/08/2019 00:00,10372.25
742,BITCOIN,BTC,27/08/2019 00:00,10185.05
743,BITCOIN,BTC,28/08/2019 00:00,9721
744,BITCOIN,BTC,29/08/2019 00:00,9498.44
745,BITCOIN,BTC,30/08/2019 00:00,9584.54
746,BITCOIN,BTC,31/08/2019 00:00,9587.47
747,BITCOIN,BTC,01/09/2019 00:00,9724.98
748,BITCOIN,BTC,02/09/2019 00:00,10340
749,BITCOIN,BTC,03/09/2019 00:00,10615.28
750,BITCOIN,BTC,04/09/2019 00:00,10567.02
751,BITCOIN,BTC,05/09/2019 00:00,10564.49
752,BITCOIN,BTC,06/09/2019 00:00,10298.73
753,BITCOIN,BTC,07/09/2019 00:00,10455.88
754,BITCOIN,BTC,08/09/2019 00:00,10381.18
755,BITCOIN,BTC,09/09/2019 00:00,10303.12
756,BITCOIN,BTC,10/09/2019 00:00,10098.15
757,BITCOIN,BTC,11/09/2019 00:00,10158.33
758,BITCOIN,BTC,12/09/2019 00:00,10415.01
759,BITCOIN,BTC,13/09/2019 00:00,10342.06
760,BITCOIN,BTC,14/09/2019 00:00,10335.02
761,BITCOIN,BTC,15/09/2019 00:00,10302.01
762,BITCOIN,BTC,16/09/2019 00:00,10251.31
763,BITCOIN,BTC,17/09/2019 00:00,10187.82
764,BITCOIN,BTC,18/09/2019 00:00,10156.99
765,BITCOIN,BTC,19/09/2019 00:00,10244.29
766,BITCOIN,BTC,20/09/2019 00:00,10168.59
767,BITCOIN,BTC,21/09/2019 00:00,9986.39
768,BITCOIN,BTC,22/09/2019 00:00,10028.87
769,BITCOIN,BTC,23/09/2019 00:00,9702.25
770,BITCOIN,BTC,24/09/2019 00:00,8493.14
771,BITCOIN,BTC,25/09/2019 00:00,8430.05
772,BITCOIN,BTC,26/09/2019 00:00,8063.73
773,BITCOIN,BTC,27/09/2019 00:00,8177.91
774,BITCOIN,BTC,28/09/2019 00:00,8198.81
775,BITCOIN,BTC,29/09/2019 00:00,8043.82
776,BITCOIN,BTC,30/09/2019 00:00,8289.34
777,BITCOIN,BTC,01/10/2019 00:00,8292.44
778,BITCOIN,BTC,02/10/2019 00:00,8359.94
779,BITCOIN,BTC,03/10/2019 00:00,8223.96
780,BITCOIN,BTC,04/10/2019 00:00,8137.13
781,BITCOIN,BTC,05/10/2019 00:00,8126.19
782,BITCOIN,BTC,06/10/2019 00:00,7854.25
783,BITCOIN,BTC,07/10/2019 00:00,8190.09
784,BITCOIN,BTC,08/10/2019 00:00,8168.39
785,BITCOIN,BTC,09/10/2019 00:00,8560.74
786,BITCOIN,BTC,10/10/2019 00:00,8558.03
787,BITCOIN,BTC,11/10/2019 00:00,8258.5
788,BITCOIN,BTC,12/10/2019 00:00,8300.09
789,BITCOIN,BTC,13/10/2019 00:00,8275.01
790,BITCOIN,BTC,14/10/2019 00:00,8348.2
791,BITCOIN,BTC,15/10/2019 00:00,8159.29
792,BITCOIN,BTC,16/10/2019 00:00,7991.74
793,BITCOIN,BTC,17/10/2019 00:00,8070.58
794,BITCOIN,BTC,18/10/2019 00:00,7947.01
795,BITCOIN,BTC,19/10/2019 00:00,7948.01
796,BITCOIN,BTC,20/10/2019 00:00,8223.35
797,BITCOIN,BTC,21/10/2019 00:00,8197.27
798,BITCOIN,BTC,22/10/2019 00:00,8020
799,BITCOIN,BTC,23/10/2019 00:00,7466.62
800,BITCOIN,BTC,24/10/2019 00:00,7412.41
801,BITCOIN,BTC,25/10/2019 00:00,8655.02
802,BITCOIN,BTC,26/10/2019 00:00,9230
803,BITCOIN,BTC,27/10/2019 00:00,9529.93
804,BITCOIN,BTC,28/10/2019 00:00,9205.14
805,BITCOIN,BTC,29/10/2019 00:00,9407.62
806,BITCOIN,BTC,30/10/2019 00:00,9154.72
807,BITCOIN,BTC,31/10/2019 00:00,9140.85
808,BITCOIN,BTC,01/11/2019 00:00,9231.61
809,BITCOIN,BTC,02/11/2019 00:00,9289.52
810,BITCOIN,BTC,03/11/2019 00:00,9194.71
811,BITCOIN,BTC,04/11/2019 00:00,9393.35
812,BITCOIN,BTC,05/11/2019 00:00,9308.66
813,BITCOIN,BTC,06/11/2019 00:00,9339.05
814,BITCOIN,BTC,07/11/2019 00:00,9216.2
815,BITCOIN,BTC,08/11/2019 00:00,8773.73
816,BITCOIN,BTC,09/11/2019 00:00,8809.41
817,BITCOIN,BTC,10/11/2019 00:00,9039.47
818,BITCOIN,BTC,11/11/2019 00:00,8733.27
819,BITCOIN,BTC,12/11/2019 00:00,8821.94
820,BITCOIN,BTC,13/11/2019 00:00,8777.12
821,BITCOIN,BTC,14/11/2019 00:00,8646.68
822,BITCOIN,BTC,15/11/2019 00:00,8471.73
823,BITCOIN,BTC,16/11/2019 00:00,8491.02
824,BITCOIN,BTC,17/11/2019 00:00,8502.4
825,BITCOIN,BTC,18/11/2019 00:00,8187.17
826,BITCOIN,BTC,19/11/2019 00:00,8133.64
827,BITCOIN,BTC,20/11/2019 00:00,8098.01
828,BITCOIN,BTC,21/11/2019 00:00,7627.74
829,BITCOIN,BTC,22/11/2019 00:00,7268.23
830,BITCOIN,BTC,23/11/2019 00:00,7311.57
831,BITCOIN,BTC,24/11/2019 00:00,6903.28
832,BITCOIN,BTC,25/11/2019 00:00,7109.57
833,BITCOIN,BTC,26/11/2019 00:00,7156.14
834,BITCOIN,BTC,27/11/2019 00:00,7508.52
835,BITCOIN,BTC,28/11/2019 00:00,7419.49
836,BITCOIN,BTC,29/11/2019 00:00,7739.68
837,BITCOIN,BTC,30/11/2019 00:00,7541.89
838,BITCOIN,BTC,01/12/2019 00:00,7390.89
839,BITCOIN,BTC,02/12/2019 00:00,7294.28
840,BITCOIN,BTC,03/12/2019 00:00,7292.71
841,BITCOIN,BTC,04/12/2019 00:00,7194.32
842,BITCOIN,BTC,05/12/2019 00:00,7389
843,BITCOIN,BTC,06/12/2019 00:00,7527.47
844,BITCOIN,BTC,07/12/2019 00:00,7488.21
845,BITCOIN,BTC,08/12/2019 00:00,7510.11
846,BITCOIN,BTC,09/12/2019 00:00,7338.64
847,BITCOIN,BTC,10/12/2019 00:00,7224.13
848,BITCOIN,BTC,11/12/2019 00:00,7210
849,BITCOIN,BTC,12/12/2019 00:00,7198.08
850,BITCOIN,BTC,13/12/2019 00:00,7258.48
851,BITCOIN,BTC,14/12/2019 00:00,7064.05
852,BITCOIN,BTC,15/12/2019 00:00,7118.59
853,BITCOIN,BTC,16/12/2019 00:00,6891.72
854,BITCOIN,BTC,17/12/2019 00:00,6623.82
855,BITCOIN,BTC,18/12/2019 00:00,7277.83
856,BITCOIN,BTC,19/12/2019 00:00,7150.3
857,BITCOIN,BTC,20/12/2019 00:00,7187.83
858,BITCOIN,BTC,21/12/2019 00:00,7132.75
859,BITCOIN,BTC,22/12/2019 00:00,7501.44
860,BITCOIN,BTC,23/12/2019 00:00,7317.09
861,BITCOIN,BTC,24/12/2019 00:00,7255.77
862,BITCOIN,BTC,25/12/2019 00:00,7204.63
863,BITCOIN,BTC,26/12/2019 00:00,7202
864,BITCOIN,BTC,27/12/2019 00:00,7254.74
865,BITCOIN,BTC,28/12/2019 00:00,7316.14
866,BITCOIN,BTC,29/12/2019 00:00,7388.24
867,BITCOIN,BTC,30/12/2019 00:00,7246
868,BITCOIN,BTC,31/12/2019 00:00,7195.23
869,BITCOIN,BTC,01/01/2020 00:00,7200.85
870,BITCOIN,BTC,02/01/2020 00:00,6965.71
871,BITCOIN,BTC,03/01/2020 00:00,7344.96
872,BITCOIN,BTC,04/01/2020 00:00,7354.11
873,BITCOIN,BTC,05/01/2020 00:00,7358.75
874,BITCOIN,BTC,06/01/2020 00:00,7758
875,BITCOIN,BTC,07/01/2020 00:00,8145.28
876,BITCOIN,BTC,08/01/2020 00:00,8055.98
877,BITCOIN,BTC,09/01/2020 00:00,7817.76
878,BITCOIN,BTC,10/01/2020 00:00,8197.02
879,BITCOIN,BTC,11/01/2020 00:00,8020.01
880,BITCOIN,BTC,12/01/2020 00:00,8184.98
881,BITCOIN,BTC,13/01/2020 00:00,8110.34
882,BITCOIN,BTC,14/01/2020 00:00,8810.01
883,BITCOIN,BTC,15/01/2020 00:00,8821.41
884,BITCOIN,BTC,16/01/2020 00:00,8720.01
885,BITCOIN,BTC,17/01/2020 00:00,8913.28
886,BITCOIN,BTC,18/01/2020 00:00,8915.96
887,BITCOIN,BTC,19/01/2020 00:00,8701.7
888,BITCOIN,BTC,20/01/2020 00:00,8642.35
889,BITCOIN,BTC,21/01/2020 00:00,8736.03
890,BITCOIN,BTC,22/01/2020 00:00,8682.36
891,BITCOIN,BTC,23/01/2020 00:00,8404.52
892,BITCOIN,BTC,24/01/2020 00:00,8439
893,BITCOIN,BTC,25/01/2020 00:00,8340.58
894,BITCOIN,BTC,26/01/2020 00:00,8615
895,BITCOIN,BTC,27/01/2020 00:00,8907.57
896,BITCOIN,BTC,28/01/2020 00:00,9374.21
897,BITCOIN,BTC,29/01/2020 00:00,9301.53
898,BITCOIN,BTC,30/01/2020 00:00,9513.21
899,BITCOIN,BTC,31/01/2020 00:00,9352.89
900,BITCOIN,BTC,01/02/2020 00:00,9384.61
901,BITCOIN,BTC,02/02/2020 00:00,9331.51
902,BITCOIN,BTC,03/02/2020 00:00,9292.24
903,BITCOIN,BTC,04/02/2020 00:00,9197.02
904,BITCOIN,BTC,05/02/2020 00:00,9612.04
905,BITCOIN,BTC,06/02/2020 00:00,9772
906,BITCOIN,BTC,07/02/2020 00:00,9813.73
907,BITCOIN,BTC,08/02/2020 00:00,9895.05
908,BITCOIN,BTC,09/02/2020 00:00,10151.75
909,BITCOIN,BTC,10/02/2020 00:00,9851.83
910,BITCOIN,BTC,11/02/2020 00:00,10223.08
911,BITCOIN,BTC,12/02/2020 00:00,10326.46
912,BITCOIN,BTC,13/02/2020 00:00,10229.63
913,BITCOIN,BTC,14/02/2020 00:00,10344.36
914,BITCOIN,BTC,15/02/2020 00:00,9904.72
915,BITCOIN,BTC,16/02/2020 00:00,9917.27
916,BITCOIN,BTC,17/02/2020 00:00,9706
917,BITCOIN,BTC,18/02/2020 00:00,10164.71
918,BITCOIN,BTC,19/02/2020 00:00,9593.79
919,BITCOIN,BTC,20/02/2020 00:00,9596.42
920,BITCOIN,BTC,21/02/2020 00:00,9677.05
921,BITCOIN,BTC,22/02/2020 00:00,9650.86
922,BITCOIN,BTC,23/02/2020 00:00,9936.4
923,BITCOIN,BTC,24/02/2020 00:00,9656.13
924,BITCOIN,BTC,25/02/2020 00:00,9315.84
925,BITCOIN,BTC,26/02/2020 00:00,8785.25
926,BITCOIN,BTC,27/02/2020 00:00,8823.21
927,BITCOIN,BTC,28/02/2020 00:00,8692.91
928,BITCOIN,BTC,29/02/2020 00:00,8523.61
929,BITCOIN,BTC,01/03/2020 00:00,8531.88
930,BITCOIN,BTC,02/03/2020 00:00,8915.24
931,BITCOIN,BTC,03/03/2020 00:00,8760.07
932,BITCOIN,BTC,04/03/2020 00:00,8750.87
933,BITCOIN,BTC,05/03/2020 00:00,9054.68
934,BITCOIN,BTC,06/03/2020 00:00,9131.88
935,BITCOIN,BTC,07/03/2020 00:00,8886.66
936,BITCOIN,BTC,08/03/2020 00:00,8033.31
937,BITCOIN,BTC,09/03/2020 00:00,7929.87
938,BITCOIN,BTC,10/03/2020 00:00,7894.56
939,BITCOIN,BTC,11/03/2020 00:00,7934.52
940,BITCOIN,BTC,12/03/2020 00:00,4800
941,BITCOIN,BTC,13/03/2020 00:00,5578.6
942,BITCOIN,BTC,14/03/2020 00:00,5172.06
943,BITCOIN,BTC,15/03/2020 00:00,5361.3
944,BITCOIN,BTC,16/03/2020 00:00,5028.97
945,BITCOIN,BTC,17/03/2020 00:00,5312.64
946,BITCOIN,BTC,18/03/2020 00:00,5393.04
947,BITCOIN,BTC,19/03/2020 00:00,6162.37
948,BITCOIN,BTC,20/03/2020 00:00,6208.36
949,BITCOIN,BTC,21/03/2020 00:00,6186.98
950,BITCOIN,BTC,22/03/2020 00:00,5816.19
951,BITCOIN,BTC,23/03/2020 00:00,6467.31
952,BITCOIN,BTC,24/03/2020 00:00,6744.72
953,BITCOIN,BTC,25/03/2020 00:00,6677.43
954,BITCOIN,BTC,26/03/2020 00:00,6737.36
955,BITCOIN,BTC,27/03/2020 00:00,6359.11
956,BITCOIN,BTC,28/03/2020 00:00,6236.65
957,BITCOIN,BTC,29/03/2020 00:00,5881.42
958,BITCOIN,BTC,30/03/2020 00:00,6394.38
959,BITCOIN,BTC,31/03/2020 00:00,6410.44
960,BITCOIN,BTC,01/04/2020 00:00,6642.92
961,BITCOIN,BTC,02/04/2020 00:00,6794.09
962,BITCOIN,BTC,03/04/2020 00:00,6734.1
963,BITCOIN,BTC,04/04/2020 00:00,6856.99
964,BITCOIN,BTC,05/04/2020 00:00,6772.78
965,BITCOIN,BTC,06/04/2020 00:00,7329.9
966,BITCOIN,BTC,07/04/2020 00:00,7197.32
967,BITCOIN,BTC,08/04/2020 00:00,7361.28
968,BITCOIN,BTC,09/04/2020 00:00,7283.54
969,BITCOIN,BTC,10/04/2020 00:00,6858.92
970,BITCOIN,BTC,11/04/2020 00:00,6876.83
971,BITCOIN,BTC,12/04/2020 00:00,6903.79
972,BITCOIN,BTC,13/04/2020 00:00,6837.91
973,BITCOIN,BTC,14/04/2020 00:00,6868.7
974,BITCOIN,BTC,15/04/2020 00:00,6621.24
975,BITCOIN,BTC,16/04/2020 00:00,7101.94
976,BITCOIN,BTC,17/04/2020 00:00,7027.55
977,BITCOIN,BTC,18/04/2020 00:00,7248.6
978,BITCOIN,BTC,19/04/2020 00:00,7120.74
979,BITCOIN,BTC,20/04/2020 00:00,6826.83
980,BITCOIN,BTC,21/04/2020 00:00,6841.37
981,BITCOIN,BTC,22/04/2020 00:00,7125.14
982,BITCOIN,BTC,23/04/2020 00:00,7482.39
983,BITCOIN,BTC,24/04/2020 00:00,7505
984,BITCOIN,BTC,25/04/2020 00:00,7538.67
985,BITCOIN,BTC,26/04/2020 00:00,7693.1
986,BITCOIN,BTC,27/04/2020 00:00,7774.62
987,BITCOIN,BTC,28/04/2020 00:00,7738.98
988,BITCOIN,BTC,29/04/2020 00:00,8778.57
989,BITCOIN,BTC,30/04/2020 00:00,8620
990,BITCOIN,BTC,01/05/2020 00:00,8826.96
991,BITCOIN,BTC,02/05/2020 00:00,8972.05
992,BITCOIN,BTC,03/05/2020 00:00,8894.16
993,BITCOIN,BTC,04/05/2020 00:00,8871.96
994,BITCOIN,BTC,05/05/2020 00:00,9021.83
995,BITCOIN,BTC,06/05/2020 00:00,9142.92
996,BITCOIN,BTC,07/05/2020 00:00,9986.4
997,BITCOIN,BTC,08/05/2020 00:00,9800.01
998,BITCOIN,BTC,09/05/2020 00:00,9539.4
999,BITCOIN,BTC,10/05/2020 00:00,8722.77
1000,BITCOIN,BTC,11/05/2020 00:00,8561.52
1001,BITCOIN,BTC,12/05/2020 00:00,8810.79
1002,BITCOIN,BTC,13/05/2020 00:00,9309.37
1003,BITCOIN,BTC,14/05/2020 00:00,9791.98
1004,BITCOIN,BTC,15/05/2020 00:00,9316.42
1005,BITCOIN,BTC,16/05/2020 00:00,9381.27
1006,BITCOIN,BTC,17/05/2020 00:00,9680.04
1007,BITCOIN,BTC,18/05/2020 00:00,9733.93
1008,BITCOIN,BTC,19/05/2020 00:00,9775.53
1009,BITCOIN,BTC,20/05/2020 00:00,9511.43
1010,BITCOIN,BTC,21/05/2020 00:00,9068.65
1011,BITCOIN,BTC,22/05/2020 00:00,9170
1012,BITCOIN,BTC,23/05/2020 00:00,9179.15
1013,BITCOIN,BTC,24/05/2020 00:00,8720.34
1014,BITCOIN,BTC,25/05/2020 00:00,8900.35
1015,BITCOIN,BTC,26/05/2020 00:00,8841.18
1016,BITCOIN,BTC,27/05/2020 00:00,9204.07
1017,BITCOIN,BTC,28/05/2020 00:00,9575.89
1018,BITCOIN,BTC,29/05/2020 00:00,9427.07
1019,BITCOIN,BTC,30/05/2020 00:00,9697.72
1020,BITCOIN,BTC,31/05/2020 00:00,9448.27
1021,BITCOIN,BTC,01/06/2020 00:00,10200.77
1022,BITCOIN,BTC,02/06/2020 00:00,9518.04
1023,BITCOIN,BTC,03/06/2020 00:00,9666.24
1024,BITCOIN,BTC,04/06/2020 00:00,9789.06
1025,BITCOIN,BTC,05/06/2020 00:00,9621.16
1026,BITCOIN,BTC,06/06/2020 00:00,9666.3
1027,BITCOIN,BTC,07/06/2020 00:00,9746.99
1028,BITCOIN,BTC,08/06/2020 00:00,9782.01
1029,BITCOIN,BTC,09/06/2020 00:00,9772.43
1030,BITCOIN,BTC,10/06/2020 00:00,9885
1031,BITCOIN,BTC,11/06/2020 00:00,9280.4
1032,BITCOIN,BTC,12/06/2020 00:00,9465.13
1033,BITCOIN,BTC,13/06/2020 00:00,9473.34
1034,BITCOIN,BTC,14/06/2020 00:00,9342.1
1035,BITCOIN,BTC,15/06/2020 00:00,9426.02
1036,BITCOIN,BTC,16/06/2020 00:00,9525.59
1037,BITCOIN,BTC,17/06/2020 00:00,9465.14
1038,BITCOIN,BTC,18/06/2020 00:00,9386.32
1039,BITCOIN,BTC,19/06/2020 00:00,9310.23
1040,BITCOIN,BTC,20/06/2020 00:00,9358.95
1041,BITCOIN,BTC,21/06/2020 00:00,9294.69
1042,BITCOIN,BTC,22/06/2020 00:00,9685.69
1043,BITCOIN,BTC,23/06/2020 00:00,9624.89
1044,BITCOIN,BTC,24/06/2020 00:00,9296.49
1045,BITCOIN,BTC,25/06/2020 00:00,9249.49
1046,BITCOIN,BTC,26/06/2020 00:00,9162.21
1047,BITCOIN,BTC,27/06/2020 00:00,9012
1048,BITCOIN,BTC,28/06/2020 00:00,9116.35
1049,BITCOIN,BTC,29/06/2020 00:00,9192.56
1050,BITCOIN,BTC,30/06/2020 00:00,9138.55
1051,BITCOIN,BTC,01/07/2020 00:00,9232
1052,BITCOIN,BTC,02/07/2020 00:00,9086.54
1053,BITCOIN,BTC,03/07/2020 00:00,9058.26
1054,BITCOIN,BTC,04/07/2020 00:00,9135.46
1055,BITCOIN,BTC,05/07/2020 00:00,9069.41
1056,BITCOIN,BTC,06/07/2020 00:00,9344.2
1057,BITCOIN,BTC,07/07/2020 00:00,9257.39
1058,BITCOIN,BTC,08/07/2020 00:00,9436.06
1059,BITCOIN,BTC,09/07/2020 00:00,9232.43
1060,BITCOIN,BTC,10/07/2020 00:00,9288.34
1061,BITCOIN,BTC,11/07/2020 00:00,9234.03
1062,BITCOIN,BTC,12/07/2020 00:00,9302.75
1063,BITCOIN,BTC,13/07/2020 00:00,9242.62
1064,BITCOIN,BTC,14/07/2020 00:00,9255.85
1065,BITCOIN,BTC,15/07/2020 00:00,9197.6
1066,BITCOIN,BTC,16/07/2020 00:00,9133.72
1067,BITCOIN,BTC,17/07/2020 00:00,9154.32
1068,BITCOIN,BTC,18/07/2020 00:00,9170.28
1069,BITCOIN,BTC,19/07/2020 00:00,9208.99
1070,BITCOIN,BTC,20/07/2020 00:00,9160.78
1071,BITCOIN,BTC,21/07/2020 00:00,9390
1072,BITCOIN,BTC,22/07/2020 00:00,9518.16
1073,BITCOIN,BTC,23/07/2020 00:00,9603.27
1074,BITCOIN,BTC,24/07/2020 00:00,9537.8
1075,BITCOIN,BTC,25/07/2020 00:00,9700.42
1076,BITCOIN,BTC,26/07/2020 00:00,9931.54
1077,BITCOIN,BTC,27/07/2020 00:00,11029.96
1078,BITCOIN,BTC,28/07/2020 00:00,10906.27
1079,BITCOIN,BTC,29/07/2020 00:00,11100.53
1080,BITCOIN,BTC,30/07/2020 00:00,11099.61
1081,BITCOIN,BTC,31/07/2020 00:00,11335.46
1082,BITCOIN,BTC,01/08/2020 00:00,11801.17
1083,BITCOIN,BTC,02/08/2020 00:00,11071.35
1084,BITCOIN,BTC,03/08/2020 00:00,11219.81
1085,BITCOIN,BTC,04/08/2020 00:00,11191.97
1086,BITCOIN,BTC,05/08/2020 00:00,11744.91
1087,BITCOIN,BTC,06/08/2020 00:00,11762.46
1088,BITCOIN,BTC,07/08/2020 00:00,11594.23
1089,BITCOIN,BTC,08/08/2020 00:00,11761.41
1090,BITCOIN,BTC,09/08/2020 00:00,11681.68
1091,BITCOIN,BTC,10/08/2020 00:00,11892.92
1092,BITCOIN,BTC,11/08/2020 00:00,11392.08
1093,BITCOIN,BTC,12/08/2020 00:00,11564.33
1094,BITCOIN,BTC,13/08/2020 00:00,11780
1095,BITCOIN,BTC,14/08/2020 00:00,11760.54
1096,BITCOIN,BTC,15/08/2020 00:00,11852.4
1097,BITCOIN,BTC,16/08/2020 00:00,11911
1098,BITCOIN,BTC,17/08/2020 00:00,12281.13
1099,BITCOIN,BTC,18/08/2020 00:00,11945.01
1100,BITCOIN,BTC,19/08/2020 00:00,11754.59
1101,BITCOIN,BTC,20/08/2020 00:00,11853.55
1102,BITCOIN,BTC,21/08/2020 00:00,11531.34
1103,BITCOIN,BTC,22/08/2020 00:00,11662.96
1104,BITCOIN,BTC,23/08/2020 00:00,11648.13
1105,BITCOIN,BTC,24/08/2020 00:00,11748.2
1106,BITCOIN,BTC,25/08/2020 00:00,11318.42
1107,BITCOIN,BTC,26/08/2020 00:00,11461.43
1108,BITCOIN,BTC,27/08/2020 00:00,11330.38
1109,BITCOIN,BTC,28/08/2020 00:00,11526.91
1110,BITCOIN,BTC,29/08/2020 00:00,11465.84
1111,BITCOIN,BTC,30/08/2020 00:00,11711.16
1112,BITCOIN,BTC,31/08/2020 00:00,11649.51
1113,BITCOIN,BTC,01/09/2020 00:00,11921.97
1114,BITCOIN,BTC,02/09/2020 00:00,11388.54
1115,BITCOIN,BTC,03/09/2020 00:00,10140.85
1116,BITCOIN,BTC,04/09/2020 00:00,10446.25
1117,BITCOIN,BTC,05/09/2020 00:00,10166.69
1118,BITCOIN,BTC,06/09/2020 00:00,10256.2
1119,BITCOIN,BTC,07/09/2020 00:00,10373.44
1120,BITCOIN,BTC,08/09/2020 00:00,10126.65
1121,BITCOIN,BTC,09/09/2020 00:00,10219.2
1122,BITCOIN,BTC,10/09/2020 00:00,10336.87
1123,BITCOIN,BTC,11/09/2020 00:00,10387.89
1124,BITCOIN,BTC,12/09/2020 00:00,10440.92
1125,BITCOIN,BTC,13/09/2020 00:00,10332.83
1126,BITCOIN,BTC,14/09/2020 00:00,10671.77
1127,BITCOIN,BTC,15/09/2020 00:00,10785.31
1128,BITCOIN,BTC,16/09/2020 00:00,10954.01
1129,BITCOIN,BTC,17/09/2020 00:00,10939.99
1130,BITCOIN,BTC,18/09/2020 00:00,10933.39
1131,BITCOIN,BTC,19/09/2020 00:00,11080.65
1132,BITCOIN,BTC,20/09/2020 00:00,10920.28
1133,BITCOIN,BTC,21/09/2020 00:00,10417.22
1134,BITCOIN,BTC,22/09/2020 00:00,10529.61
1135,BITCOIN,BTC,23/09/2020 00:00,10241.46
1136,BITCOIN,BTC,24/09/2020 00:00,10736.32
1137,BITCOIN,BTC,25/09/2020 00:00,10686.67
1138,BITCOIN,BTC,26/09/2020 00:00,10728.6
1139,BITCOIN,BTC,27/09/2020 00:00,10774.25
1140,BITCOIN,BTC,28/09/2020 00:00,10696.12
1141,BITCOIN,BTC,29/09/2020 00:00,10840.48
1142,BITCOIN,BTC,30/09/2020 00:00,10776.59
1143,BITCOIN,BTC,01/10/2020 00:00,10619.13
1144,BITCOIN,BTC,02/10/2020 00:00,10570.4
1145,BITCOIN,BTC,03/10/2020 00:00,10542.06
1146,BITCOIN,BTC,04/10/2020 00:00,10666.63
1147,BITCOIN,BTC,05/10/2020 00:00,10792.21
1148,BITCOIN,BTC,06/10/2020 00:00,10599.66
1149,BITCOIN,BTC,07/10/2020 00:00,10666.39
1150,BITCOIN,BTC,08/10/2020 00:00,10925.57
1151,BITCOIN,BTC,09/10/2020 00:00,11050.64
1152,BITCOIN,BTC,10/10/2020 00:00,11293.22
1153,BITCOIN,BTC,11/10/2020 00:00,11369.02
1154,BITCOIN,BTC,12/10/2020 00:00,11528.25
1155,BITCOIN,BTC,13/10/2020 00:00,11420.56
1156,BITCOIN,BTC,14/10/2020 00:00,11417.89
1157,BITCOIN,BTC,15/10/2020 00:00,11505.12
1158,BITCOIN,BTC,16/10/2020 00:00,11319.32
1159,BITCOIN,BTC,17/10/2020 00:00,11360.2
1160,BITCOIN,BTC,18/10/2020 00:00,11503.14
1161,BITCOIN,BTC,19/10/2020 00:00,11751.47
1162,BITCOIN,BTC,20/10/2020 00:00,11909.99
1163,BITCOIN,BTC,21/10/2020 00:00,12780.96
1164,BITCOIN,BTC,22/10/2020 00:00,12968.52
1165,BITCOIN,BTC,23/10/2020 00:00,12923.07
1166,BITCOIN,BTC,24/10/2020 00:00,13111.73
1167,BITCOIN,BTC,25/10/2020 00:00,13028.83
1168,BITCOIN,BTC,26/10/2020 00:00,13052.19
1169,BITCOIN,BTC,27/10/2020 00:00,13636.17
1170,BITCOIN,BTC,28/10/2020 00:00,13266.4
1171,BITCOIN,BTC,29/10/2020 00:00,13455.7
1172,BITCOIN,BTC,30/10/2020 00:00,13560.1
1173,BITCOIN,BTC,31/10/2020 00:00,13791
1174,BITCOIN,BTC,01/11/2020 00:00,13761.5
1175,BITCOIN,BTC,02/11/2020 00:00,13549.37
1176,BITCOIN,BTC,03/11/2020 00:00,14023.53
1177,BITCOIN,BTC,04/11/2020 00:00,14144.01
1178,BITCOIN,BTC,05/11/2020 00:00,15590.02
1179,BITCOIN,BTC,06/11/2020 00:00,15579.92
1180,BITCOIN,BTC,07/11/2020 00:00,14818.3
1181,BITCOIN,BTC,08/11/2020 00:00,15475.1
1182,BITCOIN,BTC,09/11/2020 00:00,15328.41
1183,BITCOIN,BTC,10/11/2020 00:00,15297.21
1184,BITCOIN,BTC,11/11/2020 00:00,15684.24
1185,BITCOIN,BTC,12/11/2020 00:00,16291.86
1186,BITCOIN,BTC,13/11/2020 00:00,16320.7
1187,BITCOIN,BTC,14/11/2020 00:00,16070.45
1188,BITCOIN,BTC,15/11/2020 00:00,15957
1189,BITCOIN,BTC,16/11/2020 00:00,16713.57
1190,BITCOIN,BTC,17/11/2020 00:00,17659.38
1191,BITCOIN,BTC,18/11/2020 00:00,17776.12
1192,BITCOIN,BTC,19/11/2020 00:00,17802.82
1193,BITCOIN,BTC,20/11/2020 00:00,18655.67
1194,BITCOIN,BTC,21/11/2020 00:00,18703.8
1195,BITCOIN,BTC,22/11/2020 00:00,18414.43
1196,BITCOIN,BTC,23/11/2020 00:00,18368
1197,BITCOIN,BTC,24/11/2020 00:00,19160.01
1198,BITCOIN,BTC,25/11/2020 00:00,18719.11
1199,BITCOIN,BTC,26/11/2020 00:00,17149.47
1200,BITCOIN,BTC,27/11/2020 00:00,17139.52
1201,BITCOIN,BTC,28/11/2020 00:00,17719.85
1202,BITCOIN,BTC,29/11/2020 00:00,18184.99
1203,BITCOIN,BTC,30/11/2020 00:00,19695.87
1204,BITCOIN,BTC,01/12/2020 00:00,18764.96
1205,BITCOIN,BTC,02/12/2020 00:00,19204.09
1206,BITCOIN,BTC,03/12/2020 00:00,19421.9
1207,BITCOIN,BTC,04/12/2020 00:00,18650.52
1208,BITCOIN,BTC,05/12/2020 00:00,19147.66
1209,BITCOIN,BTC,06/12/2020 00:00,19359.4
1210,BITCOIN,BTC,07/12/2020 00:00,19166.9
1211,BITCOIN,BTC,08/12/2020 00:00,18324.11
1212,BITCOIN,BTC,09/12/2020 00:00,18541.28
1213,BITCOIN,BTC,10/12/2020 00:00,18254.63
1214,BITCOIN,BTC,11/12/2020 00:00,18036.53
1215,BITCOIN,BTC,12/12/2020 00:00,18808.69
1216,BITCOIN,BTC,13/12/2020 00:00,19174.99
1217,BITCOIN,BTC,14/12/2020 00:00,19273.14
1218,BITCOIN,BTC,15/12/2020 00:00,19426.43
1219,BITCOIN,BTC,16/12/2020 00:00,21335.52
1220,BITCOIN,BTC,17/12/2020 00:00,22797.16
1221,BITCOIN,BTC,18/12/2020 00:00,23107.39
1222,BITCOIN,BTC,19/12/2020 00:00,23821.61
1223,BITCOIN,BTC,20/12/2020 00:00,23455.52
1224,BITCOIN,BTC,21/12/2020 00:00,22719.71
1225,BITCOIN,BTC,22/12/2020 00:00,23810.79
1226,BITCOIN,BTC,23/12/2020 00:00,23232.76
1227,BITCOIN,BTC,24/12/2020 00:00,23729.2
1228,BITCOIN,BTC,25/12/2020 00:00,24712.47
1229,BITCOIN,BTC,26/12/2020 00:00,26493.39
1230,BITCOIN,BTC,27/12/2020 00:00,26281.66
1231,BITCOIN,BTC,28/12/2020 00:00,27079.41
1232,BITCOIN,BTC,29/12/2020 00:00,27385
1233,BITCOIN,BTC,30/12/2020 00:00,28875.54
1234,BITCOIN,BTC,31/12/2020 00:00,28923.63
1235,BITCOIN,BTC,01/01/2021 00:00,29331.69
1236,BITCOIN,BTC,02/01/2021 00:00,32178.33
1237,BITCOIN,BTC,03/01/2021 00:00,33000.05
1238,BITCOIN,BTC,04/01/2021 00:00,31988.71
1239,BITCOIN,BTC,05/01/2021 00:00,33949.53
1240,BITCOIN,BTC,06/01/2021 00:00,36769.36
1241,BITCOIN,BTC,07/01/2021 00:00,39432.28
1242,BITCOIN,BTC,08/01/2021 00:00,40582.81
1243,BITCOIN,BTC,09/01/2021 00:00,40088.22
1244,BITCOIN,BTC,10/01/2021 00:00,38150.02
1245,BITCOIN,BTC,11/01/2021 00:00,35404.47
1246,BITCOIN,BTC,12/01/2021 00:00,34051.24
1247,BITCOIN,BTC,13/01/2021 00:00,37371.38
1248,BITCOIN,BTC,14/01/2021 00:00,39144.5
1249,BITCOIN,BTC,15/01/2021 00:00,36742.22
1250,BITCOIN,BTC,16/01/2021 00:00,35994.98
1251,BITCOIN,BTC,17/01/2021 00:00,35828.61
1252,BITCOIN,BTC,18/01/2021 00:00,36631.27
1253,BITCOIN,BTC,19/01/2021 00:00,35891.49
1254,BITCOIN,BTC,20/01/2021 00:00,35468.23
1255,BITCOIN,BTC,21/01/2021 00:00,30850.13
1256,BITCOIN,BTC,22/01/2021 00:00,32945.17
1257,BITCOIN,BTC,23/01/2021 00:00,32078
1258,BITCOIN,BTC,24/01/2021 00:00,32259.9
1259,BITCOIN,BTC,25/01/2021 00:00,32254.2
1260,BITCOIN,BTC,26/01/2021 00:00,32467.77
1261,BITCOIN,BTC,27/01/2021 00:00,30366.15
1262,BITCOIN,BTC,28/01/2021 00:00,33364.86
1263,BITCOIN,BTC,29/01/2021 00:00,34252.2
1264,BITCOIN,BTC,30/01/2021 00:00,34262.88
1265,BITCOIN,BTC,31/01/2021 00:00,33092.98
1266,BITCOIN,BTC,01/02/2021 00:00,33526.37
1267,BITCOIN,BTC,02/02/2021 00:00,35466.24
1268,BITCOIN,BTC,03/02/2021 00:00,37618.87
1269,BITCOIN,BTC,04/02/2021 00:00,36936.66
1270,BITCOIN,BTC,05/02/2021 00:00,38290.24
1271,BITCOIN,BTC,06/02/2021 00:00,39186.94
1272,BITCOIN,BTC,07/02/2021 00:00,38795.69
1273,BITCOIN,BTC,08/02/2021 00:00,46374.87
1274,BITCOIN,BTC,09/02/2021 00:00,46420.42
1275,BITCOIN,BTC,10/02/2021 00:00,44807.58
1276,BITCOIN,BTC,11/02/2021 00:00,47969.51
1277,BITCOIN,BTC,12/02/2021 00:00,47287.6
1278,BITCOIN,BTC,13/02/2021 00:00,47153.69
1279,BITCOIN,BTC,14/02/2021 00:00,48577.79
1280,BITCOIN,BTC,15/02/2021 00:00,47911.1
1281,BITCOIN,BTC,16/02/2021 00:00,49133.45
1282,BITCOIN,BTC,17/02/2021 00:00,52119.71
1283,BITCOIN,BTC,18/02/2021 00:00,51552.6
1284,BITCOIN,BTC,19/02/2021 00:00,55906
1285,BITCOIN,BTC,20/02/2021 00:00,55841.19
1286,BITCOIN,BTC,21/02/2021 00:00,57408.57
1287,BITCOIN,BTC,22/02/2021 00:00,54087.67
1288,BITCOIN,BTC,23/02/2021 00:00,48891
1289,BITCOIN,BTC,24/02/2021 00:00,49676.2
1290,BITCOIN,BTC,25/02/2021 00:00,47073.73
1291,BITCOIN,BTC,26/02/2021 00:00,46276.87
1292,BITCOIN,BTC,27/02/2021 00:00,46106.43
1293,BITCOIN,BTC,28/02/2021 00:00,45135.66
1294,BITCOIN,BTC,01/03/2021 00:00,49587.03
1295,BITCOIN,BTC,02/03/2021 00:00,48440.65
1296,BITCOIN,BTC,03/03/2021 00:00,50349.37
1297,BITCOIN,BTC,04/03/2021 00:00,48374.09
1298,BITCOIN,BTC,05/03/2021 00:00,48751.71
1299,BITCOIN,BTC,06/03/2021 00:00,48882.2
1300,BITCOIN,BTC,07/03/2021 00:00,50971.75
1301,BITCOIN,BTC,08/03/2021 00:00,52375.17
1302,BITCOIN,BTC,09/03/2021 00:00,54884.5
1303,BITCOIN,BTC,10/03/2021 00:00,55851.59
1304,BITCOIN,BTC,11/03/2021 00:00,57773.16
1305,BITCOIN,BTC,12/03/2021 00:00,57221.72
1306,BITCOIN,BTC,13/03/2021 00:00,61188.39
1307,BITCOIN,BTC,14/03/2021 00:00,58968.31
1308,BITCOIN,BTC,15/03/2021 00:00,55605.2
1309,BITCOIN,BTC,16/03/2021 00:00,56900.75
1310,BITCOIN,BTC,17/03/2021 00:00,58912.97
1311,BITCOIN,BTC,18/03/2021 00:00,57648.16
1312,BITCOIN,BTC,19/03/2021 00:00,58030.01
1313,BITCOIN,BTC,20/03/2021 00:00,58102.28
1314,BITCOIN,BTC,21/03/2021 00:00,57351.56
1315,BITCOIN,BTC,22/03/2021 00:00,54083.25
1316,BITCOIN,BTC,23/03/2021 00:00,54340.89
1317,BITCOIN,BTC,24/03/2021 00:00,52303.65
1318,BITCOIN,BTC,25/03/2021 00:00,51293.78
1319,BITCOIN,BTC,26/03/2021 00:00,55025.59
1320,BITCOIN,BTC,27/03/2021 00:00,55817.14
1321,BITCOIN,BTC,28/03/2021 00:00,55777.63
1322,BITCOIN,BTC,29/03/2021 00:00,57635.47
1323,BITCOIN,BTC,30/03/2021 00:00,58746.57
1324,BITCOIN,BTC,31/03/2021 00:00,58740.55
1325,BITCOIN,BTC,01/04/2021 00:00,58720.44
1326,BITCOIN,BTC,02/04/2021 00:00,58950.01
1327,BITCOIN,BTC,03/04/2021 00:00,57051.94
1328,BITCOIN,BTC,04/04/2021 00:00,58202.01
1329,BITCOIN,BTC,05/04/2021 00:00,59129.99
1330,BITCOIN,BTC,06/04/2021 00:00,57991.15
1331,BITCOIN,BTC,07/04/2021 00:00,55953.45
1332,BITCOIN,BTC,08/04/2021 00:00,58077.52
1333,BITCOIN,BTC,09/04/2021 00:00,58142.54
1334,BITCOIN,BTC,10/04/2021 00:00,59769.13
1335,BITCOIN,BTC,11/04/2021 00:00,60002.43
1336,BITCOIN,BTC,12/04/2021 00:00,59860
1337,BITCOIN,BTC,13/04/2021 00:00,63575
1338,BITCOIN,BTC,14/04/2021 00:00,62959.53
1339,BITCOIN,BTC,15/04/2021 00:00,63159.98
1340,BITCOIN,BTC,16/04/2021 00:00,61334.8
1341,BITCOIN,BTC,17/04/2021 00:00,60006.66
1342,BITCOIN,BTC,18/04/2021 00:00,56150.01
1343,BITCOIN,BTC,19/04/2021 00:00,55633.14
1344,BITCOIN,BTC,20/04/2021 00:00,56425
1345,BITCOIN,BTC,21/04/2021 00:00,53787.63
1346,BITCOIN,BTC,22/04/2021 00:00,51690.96
1347,BITCOIN,BTC,23/04/2021 00:00,51125.14
1348,BITCOIN,BTC,24/04/2021 00:00,50047.84
1349,BITCOIN,BTC,25/04/2021 00:00,49066.77
1350,BITCOIN,BTC,26/04/2021 00:00,54001.39
1351,BITCOIN,BTC,27/04/2021 00:00,55011.97
1352,BITCOIN,BTC,28/04/2021 00:00,54846.22
1353,BITCOIN,BTC,29/04/2021 00:00,53555
1354,BITCOIN,BTC,30/04/2021 00:00,57694.27
1355,BITCOIN,BTC,01/05/2021 00:00,57800.37
1356,BITCOIN,BTC,02/05/2021 00:00,56578.21
1357,BITCOIN,BTC,03/05/2021 00:00,57169.39
1358,BITCOIN,BTC,04/05/2021 00:00,53200.01
1359,BITCOIN,BTC,05/05/2021 00:00,57436.11
1360,BITCOIN,BTC,06/05/2021 00:00,56393.68
1361,BITCOIN,BTC,07/05/2021 00:00,57314.75
1362,BITCOIN,BTC,08/05/2021 00:00,58862.05
1363,BITCOIN,BTC,09/05/2021 00:00,58240.84
1364,BITCOIN,BTC,10/05/2021 00:00,55816.14
1365,BITCOIN,BTC,11/05/2021 00:00,56670.02
1366,BITCOIN,BTC,12/05/2021 00:00,49631.32
1367,BITCOIN,BTC,13/05/2021 00:00,49670.97
1368,BITCOIN,BTC,14/05/2021 00:00,49841.45
1369,BITCOIN,BTC,15/05/2021 00:00,46762.99
1370,BITCOIN,BTC,16/05/2021 00:00,46431.5
1371,BITCOIN,BTC,17/05/2021 00:00,43538.04
1372,BITCOIN,BTC,18/05/2021 00:00,42849.78
1373,BITCOIN,BTC,19/05/2021 00:00,36690.09
1374,BITCOIN,BTC,20/05/2021 00:00,40526.64
1375,BITCOIN,BTC,21/05/2021 00:00,37252.01
1376,BITCOIN,BTC,22/05/2021 00:00,37449.73
1377,BITCOIN,BTC,23/05/2021 00:00,34655.25
1378,BITCOIN,BTC,24/05/2021 00:00,38796.29
1379,BITCOIN,BTC,25/05/2021 00:00,38324.72
1380,BITCOIN,BTC,26/05/2021 00:00,39241.91
1381,BITCOIN,BTC,27/05/2021 00:00,38529.98
1382,BITCOIN,BTC,28/05/2021 00:00,35663.49
1383,BITCOIN,BTC,29/05/2021 00:00,34605.15
1384,BITCOIN,BTC,30/05/2021 00:00,35641.27
1385,BITCOIN,BTC,31/05/2021 00:00,37253.81
1386,BITCOIN,BTC,01/06/2021 00:00,36693.09
1387,BITCOIN,BTC,02/06/2021 00:00,37568.68
1388,BITCOIN,BTC,03/06/2021 00:00,39246.79
1389,BITCOIN,BTC,04/06/2021 00:00,36829
1390,BITCOIN,BTC,05/06/2021 00:00,35513.2
1391,BITCOIN,BTC,06/06/2021 00:00,35796.31
1392,BITCOIN,BTC,07/06/2021 00:00,33552.79
1393,BITCOIN,BTC,08/06/2021 00:00,33380.81
1394,BITCOIN,BTC,09/06/2021 00:00,37388.05
1395,BITCOIN,BTC,10/06/2021 00:00,36675.72
1396,BITCOIN,BTC,11/06/2021 00:00,37331.98
1397,BITCOIN,BTC,12/06/2021 00:00,35546.11
1398,BITCOIN,BTC,13/06/2021 00:00,39020.57
1399,BITCOIN,BTC,14/06/2021 00:00,40516.29
1400,BITCOIN,BTC,15/06/2021 00:00,40144.04
1401,BITCOIN,BTC,16/06/2021 00:00,38349.01
1402,BITCOIN,BTC,17/06/2021 00:00,38092.97
1403,BITCOIN,BTC,18/06/2021 00:00,35819.84
1404,BITCOIN,BTC,19/06/2021 00:00,35483.72
1405,BITCOIN,BTC,20/06/2021 00:00,35600.16
1406,BITCOIN,BTC,21/06/2021 00:00,31608.93
1407,BITCOIN,BTC,22/06/2021 00:00,32509.56
1408,BITCOIN,BTC,23/06/2021 00:00,33678.07
1409,BITCOIN,BTC,24/06/2021 00:00,34663.09
1410,BITCOIN,BTC,25/06/2021 00:00,31584.45
1411,BITCOIN,BTC,26/06/2021 00:00,32283.65
1412,BITCOIN,BTC,27/06/2021 00:00,34700.34
1413,BITCOIN,BTC,28/06/2021 00:00,34494.89
1414,BITCOIN,BTC,29/06/2021 00:00,35911.73
1415,BITCOIN,BTC,30/06/2021 00:00,35045
1416,BITCOIN,BTC,01/07/2021 00:00,33504.69
1417,BITCOIN,BTC,02/07/2021 00:00,33786.55
1418,BITCOIN,BTC,03/07/2021 00:00,34669.13
1419,BITCOIN,BTC,04/07/2021 00:00,35286.51
1420,BITCOIN,BTC,05/07/2021 00:00,33690.14
1421,BITCOIN,BTC,06/07/2021 00:00,34220.01
1422,BITCOIN,BTC,07/07/2021 00:00,33862.12
1423,BITCOIN,BTC,08/07/2021 00:00,32875.71
1424,BITCOIN,BTC,09/07/2021 00:00,33815.81
1425,BITCOIN,BTC,10/07/2021 00:00,33502.87
1426,BITCOIN,BTC,11/07/2021 00:00,34258.99
1427,BITCOIN,BTC,12/07/2021 00:00,33086.63
1428,BITCOIN,BTC,13/07/2021 00:00,32729.77
1429,BITCOIN,BTC,14/07/2021 00:00,32820.02
1430,BITCOIN,BTC,15/07/2021 00:00,31880
1431,BITCOIN,BTC,16/07/2021 00:00,31383.87
1432,BITCOIN,BTC,17/07/2021 00:00,31520.07
1433,BITCOIN,BTC,18/07/2021 00:00,31778.56
1434,BITCOIN,BTC,19/07/2021 00:00,30839.65
1435,BITCOIN,BTC,20/07/2021 00:00,29790.35
1436,BITCOIN,BTC,21/07/2021 00:00,32144.51
1437,BITCOIN,BTC,22/07/2021 00:00,32287.83
1438,BITCOIN,BTC,23/07/2021 00:00,33634.09
1439,BITCOIN,BTC,24/07/2021 00:00,34258.14
1440,BITCOIN,BTC,25/07/2021 00:00,35381.02
1441,BITCOIN,BTC,26/07/2021 00:00,37237.6
1442,BITCOIN,BTC,27/07/2021 00:00,39457.87
1443,BITCOIN,BTC,28/07/2021 00:00,40019.56
1444,BITCOIN,BTC,29/07/2021 00:00,40016.48
1445,BITCOIN,BTC,30/07/2021 00:00,42206.37
1446,BITCOIN,BTC,31/07/2021 00:00,41461.83
1447,BITCOIN,BTC,01/08/2021 00:00,39845.44
1448,BITCOIN,BTC,02/08/2021 00:00,39147.82
1449,BITCOIN,BTC,03/08/2021 00:00,38207.05
1450,BITCOIN,BTC,04/08/2021 00:00,39723.18
1451,BITCOIN,BTC,05/08/2021 00:00,40862.46
1452,BITCOIN,BTC,06/08/2021 00:00,42836.87
1453,BITCOIN,BTC,07/08/2021 00:00,44572.54
1454,BITCOIN,BTC,08/08/2021 00:00,43794.37
1455,BITCOIN,BTC,09/08/2021 00:00,46253.4
1456,BITCOIN,BTC,10/08/2021 00:00,45584.99
1457,BITCOIN,BTC,11/08/2021 00:00,45511
1458,BITCOIN,BTC,12/08/2021 00:00,44399
1459,BITCOIN,BTC,13/08/2021 00:00,47800
1460,BITCOIN,BTC,14/08/2021 00:00,47068.51
1461,BITCOIN,BTC,15/08/2021 00:00,46973.82
1462,BITCOIN,BTC,16/08/2021 00:00,45901.29
1463,BITCOIN,BTC,17/08/2021 00:00,44695.95
1464,BITCOIN,BTC,18/08/2021 00:00,44705.29
1465,BITCOIN,BTC,19/08/2021 00:00,46760.62
1466,BITCOIN,BTC,20/08/2021 00:00,49322.47
1467,BITCOIN,BTC,21/08/2021 00:00,48821.87
1468,BITCOIN,BTC,22/08/2021 00:00,49239.22
1469,BITCOIN,BTC,23/08/2021 00:00,49488.85
1470,BITCOIN,BTC,24/08/2021 00:00,47674.01
1471,BITCOIN,BTC,25/08/2021 00:00,48973.32
1472,BITCOIN,BTC,26/08/2021 00:00,46843.87
1473,BITCOIN,BTC,27/08/2021 00:00,49069.9
1474,BITCOIN,BTC,28/08/2021 00:00,48895.35
1475,BITCOIN,BTC,29/08/2021 00:00,48767.83
1476,BITCOIN,BTC,30/08/2021 00:00,46982.91
1477,BITCOIN,BTC,31/08/2021 00:00,47100.89
1478,BITCOIN,BTC,01/09/2021 00:00,48810.52
1479,BITCOIN,BTC,02/09/2021 00:00,49246.64
1480,BITCOIN,BTC,03/09/2021 00:00,49999.14
1481,BITCOIN,BTC,04/09/2021 00:00,49915.64
1482,BITCOIN,BTC,05/09/2021 00:00,51756.88
1483,BITCOIN,BTC,06/09/2021 00:00,52663.9
1484,BITCOIN,BTC,07/09/2021 00:00,46863.73
1485,BITCOIN,BTC,08/09/2021 00:00,46048.31
1486,BITCOIN,BTC,09/09/2021 00:00,46395.14
1487,BITCOIN,BTC,10/09/2021 00:00,44850.91
1488,BITCOIN,BTC,11/09/2021 00:00,45173.69
1489,BITCOIN,BTC,12/09/2021 00:00,46025.24
1490,BITCOIN,BTC,13/09/2021 00:00,44940.73
1491,BITCOIN,BTC,14/09/2021 00:00,47111.52
1492,BITCOIN,BTC,15/09/2021 00:00,48121.41
1493,BITCOIN,BTC,16/09/2021 00:00,47737.82
1494,BITCOIN,BTC,17/09/2021 00:00,47299.98
1495,BITCOIN,BTC,18/09/2021 00:00,48292.74
1496,BITCOIN,BTC,19/09/2021 00:00,47241.75
1497,BITCOIN,BTC,20/09/2021 00:00,43015.62
1498,BITCOIN,BTC,21/09/2021 00:00,40734.38
1499,BITCOIN,BTC,22/09/2021 00:00,43543.61
1500,BITCOIN,BTC,23/09/2021 00:00,44865.26
1501,BITCOIN,BTC,24/09/2021 00:00,42810.57
1502,BITCOIN,BTC,25/09/2021 00:00,42670.64
1503,BITCOIN,BTC,26/09/2021 00:00,43160.9
1504,BITCOIN,BTC,27/09/2021 00:00,42147.35
1505,BITCOIN,BTC,28/09/2021 00:00,41026.54
1506,BITCOIN,BTC,29/09/2021 00:00,41524.28
1507,BITCOIN,BTC,30/09/2021 00:00,43824.1
1508,BITCOIN,BTC,01/10/2021 00:00,48141.61
1509,BITCOIN,BTC,02/10/2021 00:00,47634.9
1510,BITCOIN,BTC,03/10/2021 00:00,48200.01
1511,BITCOIN,BTC,04/10/2021 00:00,49224.94
1512,BITCOIN,BTC,05/10/2021 00:00,51471.99
1513,BITCOIN,BTC,06/10/2021 00:00,55315
1514,BITCOIN,BTC,07/10/2021 00:00,53785.22
1515,BITCOIN,BTC,08/10/2021 00:00,53951.43
1516,BITCOIN,BTC,09/10/2021 00:00,54949.72
1517,BITCOIN,BTC,10/10/2021 00:00,54659
1518,BITCOIN,BTC,11/10/2021 00:00,57471.35
1519,BITCOIN,BTC,12/10/2021 00:00,55996.93
1520,BITCOIN,BTC,13/10/2021 00:00,57367
1521,BITCOIN,BTC,14/10/2021 00:00,57347.94
1522,BITCOIN,BTC,15/10/2021 00:00,61672.42
1523,BITCOIN,BTC,16/10/2021 00:00,60875.57
1524,BITCOIN,BTC,17/10/2021 00:00,61528.33
1525,BITCOIN,BTC,18/10/2021 00:00,62009.84
1526,BITCOIN,BTC,19/10/2021 00:00,64280.59
1527,BITCOIN,BTC,20/10/2021 00:00,66001.41
1528,BITCOIN,BTC,21/10/2021 00:00,62193.15
1529,BITCOIN,BTC,22/10/2021 00:00,60688.22
1530,BITCOIN,BTC,23/10/2021 00:00,61286.75
1531,BITCOIN,BTC,24/10/2021 00:00,60852.22
1532,BITCOIN,BTC,25/10/2021 00:00,63078.78
1533,BITCOIN,BTC,26/10/2021 00:00,60328.81
1534,BITCOIN,BTC,27/10/2021 00:00,58413.44
1535,BITCOIN,BTC,28/10/2021 00:00,60575.89
1536,BITCOIN,BTC,29/10/2021 00:00,62253.71
1537,BITCOIN,BTC,30/10/2021 00:00,61859.19
1538,BITCOIN,BTC,31/10/2021 00:00,61299.8
1539,BITCOIN,BTC,01/11/2021 00:00,60911.11
1540,BITCOIN,BTC,02/11/2021 00:00,63219.99
1541,BITCOIN,BTC,03/11/2021 00:00,62896.48
1542,BITCOIN,BTC,04/11/2021 00:00,61395.01
1543,BITCOIN,BTC,05/11/2021 00:00,60937.12
1544,BITCOIN,BTC,06/11/2021 00:00,61470.61
1545,BITCOIN,BTC,07/11/2021 00:00,63273.59
1546,BITCOIN,BTC,08/11/2021 00:00,67525.83
1547,BITCOIN,BTC,09/11/2021 00:00,66947.66
1548,BITCOIN,BTC,10/11/2021 00:00,64882.43
1549,BITCOIN,BTC,11/11/2021 00:00,64774.26
1550,BITCOIN,BTC,12/11/2021 00:00,64122.23
1551,BITCOIN,BTC,13/11/2021 00:00,64380
1552,BITCOIN,BTC,14/11/2021 00:00,65519.1
1553,BITCOIN,BTC,15/11/2021 00:00,63606.74
1554,BITCOIN,BTC,16/11/2021 00:00,60058.87
1555,BITCOIN,BTC,17/11/2021 00:00,60344.87
1556,BITCOIN,BTC,18/11/2021 00:00,56891.62
1557,BITCOIN,BTC,19/11/2021 00:00,58052.24
1558,BITCOIN,BTC,20/11/2021 00:00,59707.51
1559,BITCOIN,BTC,21/11/2021 00:00,58622.02
1560,BITCOIN,BTC,22/11/2021 00:00,56247.18
1561,BITCOIN,BTC,23/11/2021 00:00,57541.27
1562,BITCOIN,BTC,24/11/2021 00:00,57138.29
1563,BITCOIN,BTC,25/11/2021 00:00,58960.36
1564,BITCOIN,BTC,26/11/2021 00:00,53726.53
1565,BITCOIN,BTC,27/11/2021 00:00,54721.03
1566,BITCOIN,BTC,28/11/2021 00:00,57274.88
1567,BITCOIN,BTC,29/11/2021 00:00,57776.25
1568,BITCOIN,BTC,30/11/2021 00:00,56950.56
1569,BITCOIN,BTC,01/12/2021 00:00,57184.07
1570,BITCOIN,BTC,02/12/2021 00:00,56480.34
1571,BITCOIN,BTC,03/12/2021 00:00,53601.05
1572,BITCOIN,BTC,04/12/2021 00:00,49152.47
1573,BITCOIN,BTC,05/12/2021 00:00,49396.33
1574,BITCOIN,BTC,06/12/2021 00:00,50441.92
1575,BITCOIN,BTC,07/12/2021 00:00,50588.95
1576,BITCOIN,BTC,08/12/2021 00:00,50471.19
1577,BITCOIN,BTC,09/12/2021 00:00,47545.59
1578,BITCOIN,BTC,10/12/2021 00:00,47140.54
1579,BITCOIN,BTC,11/12/2021 00:00,49389.99
1580,BITCOIN,BTC,12/12/2021 00:00,50053.9
1581,BITCOIN,BTC,13/12/2021 00:00,46702.75
1582,BITCOIN,BTC,14/12/2021 00:00,48343.28
1583,BITCOIN,BTC,15/12/2021 00:00,48864.98
1584,BITCOIN,BTC,16/12/2021 00:00,47632.38
1585,BITCOIN,BTC,17/12/2021 00:00,46131.2
1586,BITCOIN,BTC,18/12/2021 00:00,46834.48
1587,BITCOIN,BTC,19/12/2021 00:00,46681.23
1588,BITCOIN,BTC,20/12/2021 00:00,46914.16
1589,BITCOIN,BTC,21/12/2021 00:00,48889.88
1590,BITCOIN,BTC,22/12/2021 00:00,48588.16
1591,BITCOIN,BTC,23/12/2021 00:00,50838.81
1592,BITCOIN,BTC,24/12/2021 00:00,50820
1593,BITCOIN,BTC,25/12/2021 00:00,50399.66
1594,BITCOIN,BTC,26/12/2021 00:00,50775.49
1595,BITCOIN,BTC,27/12/2021 00:00,50701.44
1596,BITCOIN,BTC,28/12/2021 00:00,47543.74
1597,BITCOIN,BTC,29/12/2021 00:00,46464.66
1598,BITCOIN,BTC,30/12/2021 00:00,47120.87
1599,BITCOIN,BTC,31/12/2021 00:00,46216.93
1600,BITCOIN,BTC,01/01/2022 00:00,47722.65
1601,BITCOIN,BTC,02/01/2022 00:00,47286.18
1602,BITCOIN,BTC,03/01/2022 00:00,46446.1
1603,BITCOIN,BTC,04/01/2022 00:00,45832.01
1604,BITCOIN,BTC,05/01/2022 00:00,43451.13
1605,BITCOIN,BTC,06/01/2022 00:00,43082.31
1606,BITCOIN,BTC,07/01/2022 00:00,41566.48
1607,BITCOIN,BTC,08/01/2022 00:00,41679.74
1608,BITCOIN,BTC,09/01/2022 00:00,41864.62
1609,BITCOIN,BTC,10/01/2022 00:00,41822.49
1610,BITCOIN,BTC,11/01/2022 00:00,42729.29
1611,BITCOIN,BTC,12/01/2022 00:00,43902.66
1612,BITCOIN,BTC,13/01/2022 00:00,42560.11
1613,BITCOIN,BTC,14/01/2022 00:00,43059.96
1614,BITCOIN,BTC,15/01/2022 00:00,43084.29
1615,BITCOIN,BTC,16/01/2022 00:00,43074.73
